Index,Reactant_1_SMILES,Reactant_1_Name,Reactant_1_Monoisotopic_Mass,Reactant_2_SMILES,Reactant_2_Names,Reactant_2_Monoisotopic_Mass,Intermediates,Intermediates_Monoisotopic_Mass,Final_Product,CO2_Fall_Off_Intermediate,CO2_Fall_Off_Intermediate_Monoisotopic_Mass
0,CSCCC(=O)C(=O)O,Alpha-keto-gamma-(methylthio)butyrate acid sodium salt,148.0194,CSCCC(=O)C(=O)O,Alpha-keto-gamma-(methylthio)butyrate acid sodium salt,148.0194,CSCCC(=O)C(O)(CCSC)C(=O)O,252.049,CSCCCCCCSC,CSCCC(=O)C(O)CCSC,208.0592
1,CSCCC(=O)C(=O)O,Alpha-keto-gamma-(methylthio)butyrate acid sodium salt,148.0194,O=C(O)C(=O)Cc1ccc(O)cc1,4-hydroxyphenylpyruvic acid,180.0423,CSCCC(=O)C(O)(Cc1ccc(O)cc1)C(=O)O;CSCCC(O)(C(=O)O)C(=O)Cc1ccc(O)cc1,284.0718,CSCCCCCc1ccc(O)cc1,CSCCC(=O)C(O)Cc1ccc(O)cc1;CSCCC(O)C(=O)Cc1ccc(O)cc1,240.082
2,CSCCC(=O)C(=O)O,Alpha-keto-gamma-(methylthio)butyrate acid sodium salt,148.0194,CCCCCCC(=O)C(=O)O,2-oxooctanoic acid,158.0943,CCCCCCC(O)(C(=O)O)C(=O)CCSC;CCCCCCC(=O)C(O)(CCSC)C(=O)O,262.1239,CCCCCCCCCCSC,CCCCCCC(=O)C(O)CCSC;CCCCCCC(O)C(=O)CCSC,218.1341
3,CSCCC(=O)C(=O)O,Alpha-keto-gamma-(methylthio)butyrate acid sodium salt,148.0194,O=C(O)C(=O)Cc1cnc[nH]1,Imidazolepyruvic acid hydrobromide hydrate,154.0378,CSCCC(=O)C(O)(Cc1cnc[nH]1)C(=O)O;CSCCC(O)(C(=O)O)C(=O)Cc1cnc[nH]1,258.0674,CSCCCCCc1cnc[nH]1,CSCCC(=O)C(O)Cc1cnc[nH]1;CSCCC(O)C(=O)Cc1cnc[nH]1,214.0776
4,CSCCC(=O)C(=O)O,Alpha-keto-gamma-(methylthio)butyrate acid sodium salt,148.0194,O=C(O)CCCC(=O)C(=O)O,2-oxoadipic acid,160.0372,CSCCC(O)(C(=O)O)C(=O)CCCC(=O)O;CSCCC(=O)C(O)(CCCC(=O)O)C(=O)O,264.0668,CSCCCCCCCC(=O)O,CSCCC(=O)C(O)CCCC(=O)O;CSCCC(O)C(=O)CCCC(=O)O,220.0769
5,CSCCC(=O)C(=O)O,Alpha-keto-gamma-(methylthio)butyrate acid sodium salt,148.0194,CC(C)(C)C(=O)C(=O)O,Trimethylpyruvic acid,130.063,CSCCC(=O)C(O)(C(=O)O)C(C)(C)C;CSCCC(O)(C(=O)O)C(=O)C(C)(C)C,234.0926,CSCCCCC(C)(C)C,CSCCC(O)C(=O)C(C)(C)C;CSCCC(=O)C(O)C(C)(C)C,190.1028
6,CSCCC(=O)C(=O)O,Alpha-keto-gamma-(methylthio)butyrate acid sodium salt,148.0194,O=C(O)C(=O)C(F)(F)F,Trifluoropyruvic acid hydrate,141.9878,CSCCC(O)(C(=O)O)C(=O)C(F)(F)F;CSCCC(=O)C(O)(C(=O)O)C(F)(F)F,246.0174,CSCCCCC(F)(F)F,CSCCC(=O)C(O)C(F)(F)F;CSCCC(O)C(=O)C(F)(F)F,202.0275
7,CSCCC(=O)C(=O)O,Alpha-keto-gamma-(methylthio)butyrate acid sodium salt,148.0194,Cc1cc(C)c(C(=O)C(=O)O)c(C)c1,Mesitylglyoxylic acid,192.0786,CSCCC(O)(C(=O)O)C(=O)c1c(C)cc(C)cc1C;CSCCC(=O)C(O)(C(=O)O)c1c(C)cc(C)cc1C,296.1082,CSCCCCc1c(C)cc(C)cc1C,CSCCC(O)C(=O)c1c(C)cc(C)cc1C;CSCCC(=O)C(O)c1c(C)cc(C)cc1C,252.1184
8,CSCCC(=O)C(=O)O,Alpha-keto-gamma-(methylthio)butyrate acid sodium salt,148.0194,O=C(O)C(=O)c1ccoc1,3-furyl(oxo)acetic acid,140.011,CSCCC(O)(C(=O)O)C(=O)c1ccoc1;CSCCC(=O)C(O)(C(=O)O)c1ccoc1,244.0405,CSCCCCc1ccoc1,CSCCC(O)C(=O)c1ccoc1;CSCCC(=O)C(O)c1ccoc1,200.0507
9,CSCCC(=O)C(=O)O,Alpha-keto-gamma-(methylthio)butyrate acid sodium salt,148.0194,OC(=O)C(=O)C(C)CC,3-methyl-2-oxopentanoic acid sodium salt,130.063,CCC(C)C(O)(C(=O)O)C(=O)CCSC;CCC(C)C(=O)C(O)(CCSC)C(=O)O,234.0926,CCC(C)CCCCSC,CCC(C)C(=O)C(O)CCSC;CCC(C)C(O)C(=O)CCSC,190.1028
10,CSCCC(=O)C(=O)O,Alpha-keto-gamma-(methylthio)butyrate acid sodium salt,148.0194,CCC(=O)C(=O)O,Sodium 2-oxobutyrate|A-ketobutyrate,102.0317,CCC(=O)C(O)(CCSC)C(=O)O;CCC(O)(C(=O)O)C(=O)CCSC,206.0613,CCCCCCSC,CCC(O)C(=O)CCSC;CCC(=O)C(O)CCSC,162.0715
11,CSCCC(=O)C(=O)O,Alpha-keto-gamma-(methylthio)butyrate acid sodium salt,148.0194,O=C(O)C(=O)CBr,Bromopyruvic acid,165.9266,CSCCC(=O)C(O)(CBr)C(=O)O;CSCCC(O)(C(=O)O)C(=O)CBr,269.9561,CSCCCCCBr,CSCCC(=O)C(O)CBr;CSCCC(O)C(=O)CBr,225.9663
12,CSCCC(=O)C(=O)O,Alpha-keto-gamma-(methylthio)butyrate acid sodium salt,148.0194,O=C(O)C(=O)Cc1ccccc1,Phenylpyruvic acid,164.0473,CSCCC(O)(C(=O)O)C(=O)Cc1ccccc1;CSCCC(=O)C(O)(Cc1ccccc1)C(=O)O,268.0769,CSCCCCCc1ccccc1,CSCCC(=O)C(O)Cc1ccccc1;CSCCC(O)C(=O)Cc1ccccc1,224.0871
13,CSCCC(=O)C(=O)O,Alpha-keto-gamma-(methylthio)butyrate acid sodium salt,148.0194,CCCC(=O)C(=O)O,2-oxovaleric acid,116.0473,CCCC(=O)C(O)(CCSC)C(=O)O;CCCC(O)(C(=O)O)C(=O)CCSC,220.0769,CCCCCCCSC,CCCC(=O)C(O)CCSC;CCCC(O)C(=O)CCSC,176.0871
14,CSCCC(=O)C(=O)O,Alpha-keto-gamma-(methylthio)butyrate acid sodium salt,148.0194,CC(C)CC(=O)C(=O)O,4-methyl-2-oxovaleric acid,130.063,CSCCC(=O)C(O)(CC(C)C)C(=O)O;CSCCC(O)(C(=O)O)C(=O)CC(C)C,234.0926,CSCCCCCC(C)C,CSCCC(O)C(=O)CC(C)C;CSCCC(=O)C(O)CC(C)C,190.1028
15,CSCCC(=O)C(=O)O,Alpha-keto-gamma-(methylthio)butyrate acid sodium salt,148.0194,O=C(O)CCC(=O)C(=O)O,A-ketoglutarate,146.0215,CSCCC(=O)C(O)(CCC(=O)O)C(=O)O;CSCCC(O)(C(=O)O)C(=O)CCC(=O)O,250.0511,CSCCCCCCC(=O)O,CSCCC(=O)C(O)CCC(=O)O;CSCCC(O)C(=O)CCC(=O)O,206.0613
16,CSCCC(=O)C(=O)O,Alpha-keto-gamma-(methylthio)butyrate acid sodium salt,148.0194,CC(=O)C(=O)O,Pyruvate,88.016,CSCCC(O)(C(C)=O)C(=O)O;CSCCC(=O)C(C)(O)C(=O)O,192.0456,CCCCCSC,CSCCC(=O)C(C)O;CSCCC(O)C(C)=O,148.0558
17,CSCCC(=O)C(=O)O,Alpha-keto-gamma-(methylthio)butyrate acid sodium salt,148.0194,O=C(O)CCCCCC(=O)C(=O)O,A-ketosuberic acid,188.0685,CSCCC(O)(C(=O)O)C(=O)CCCCCC(=O)O;CSCCC(=O)C(O)(CCCCCC(=O)O)C(=O)O,292.0981,CSCCCCCCCCCC(=O)O,CSCCC(=O)C(O)CCCCCC(=O)O;CSCCC(O)C(=O)CCCCCC(=O)O,248.1082
18,CSCCC(=O)C(=O)O,Alpha-keto-gamma-(methylthio)butyrate acid sodium salt,148.0194,O=C(O)C(=O)CC(O)CO,2-keto-3-deoxy-D-xylonic acid,148.0372,CSCCC(O)(C(=O)O)C(=O)CC(O)CO;CSCCC(=O)C(O)(CC(O)CO)C(=O)O,252.0668,CSCCCCCC(O)CO,CSCCC(O)C(=O)CC(O)CO;CSCCC(=O)C(O)CC(O)CO,208.0769
19,CSCCC(=O)C(=O)O,Alpha-keto-gamma-(methylthio)butyrate acid sodium salt,148.0194,O=C(O)C(=O)c1ccccc1,Benzoylformic acid,150.0317,CSCCC(O)(C(=O)O)C(=O)c1ccccc1;CSCCC(=O)C(O)(C(=O)O)c1ccccc1,254.0613,CSCCCCc1ccccc1,CSCCC(O)C(=O)c1ccccc1;CSCCC(=O)C(O)c1ccccc1,210.0715
20,CSCCC(=O)C(=O)O,Alpha-keto-gamma-(methylthio)butyrate acid sodium salt,148.0194,O=C(O)C(=O)c1c[nH]c2ccccc12,3-indoleglyoxylic acid,189.0426,CSCCC(O)(C(=O)O)C(=O)c1c[nH]c2ccccc12;CSCCC(=O)C(O)(C(=O)O)c1c[nH]c2ccccc12,293.0722,CSCCCCc1c[nH]c2ccccc12,CSCCC(=O)C(O)c1c[nH]c2ccccc12;CSCCC(O)C(=O)c1c[nH]c2ccccc12,249.0823
21,O=C(O)C(=O)Cc1ccc(O)cc1,4-hydroxyphenylpyruvic acid,180.0423,O=C(O)C(=O)Cc1ccc(O)cc1,4-hydroxyphenylpyruvic acid,180.0423,O=C(O)C(O)(Cc1ccc(O)cc1)C(=O)Cc1ccc(O)cc1,316.0947,Oc1ccc(CCCCc2ccc(O)cc2)cc1,O=C(Cc1ccc(O)cc1)C(O)Cc1ccc(O)cc1,272.1049
22,O=C(O)C(=O)Cc1ccc(O)cc1,4-hydroxyphenylpyruvic acid,180.0423,CCCCCCC(=O)C(=O)O,2-oxooctanoic acid,158.0943,CCCCCCC(=O)C(O)(Cc1ccc(O)cc1)C(=O)O;CCCCCCC(O)(C(=O)O)C(=O)Cc1ccc(O)cc1,294.1467,CCCCCCCCCc1ccc(O)cc1,CCCCCCC(O)C(=O)Cc1ccc(O)cc1;CCCCCCC(=O)C(O)Cc1ccc(O)cc1,250.1569
23,O=C(O)C(=O)Cc1ccc(O)cc1,4-hydroxyphenylpyruvic acid,180.0423,O=C(O)C(=O)Cc1cnc[nH]1,Imidazolepyruvic acid hydrobromide hydrate,154.0378,O=C(O)C(O)(Cc1cnc[nH]1)C(=O)Cc1ccc(O)cc1;O=C(O)C(O)(Cc1ccc(O)cc1)C(=O)Cc1cnc[nH]1,290.0903,Oc1ccc(CCCCc2cnc[nH]2)cc1,O=C(Cc1ccc(O)cc1)C(O)Cc1cnc[nH]1;O=C(Cc1cnc[nH]1)C(O)Cc1ccc(O)cc1,246.1004
24,O=C(O)C(=O)Cc1ccc(O)cc1,4-hydroxyphenylpyruvic acid,180.0423,O=C(O)CCCC(=O)C(=O)O,2-oxoadipic acid,160.0372,O=C(O)CCCC(O)(C(=O)O)C(=O)Cc1ccc(O)cc1;O=C(O)CCCC(=O)C(O)(Cc1ccc(O)cc1)C(=O)O,296.0896,O=C(O)CCCCCCc1ccc(O)cc1,O=C(O)CCCC(O)C(=O)Cc1ccc(O)cc1;O=C(O)CCCC(=O)C(O)Cc1ccc(O)cc1,252.0998
25,O=C(O)C(=O)Cc1ccc(O)cc1,4-hydroxyphenylpyruvic acid,180.0423,CC(C)(C)C(=O)C(=O)O,Trimethylpyruvic acid,130.063,CC(C)(C)C(O)(C(=O)O)C(=O)Cc1ccc(O)cc1;CC(C)(C)C(=O)C(O)(Cc1ccc(O)cc1)C(=O)O,266.1154,CC(C)(C)CCCc1ccc(O)cc1,CC(C)(C)C(=O)C(O)Cc1ccc(O)cc1;CC(C)(C)C(O)C(=O)Cc1ccc(O)cc1,222.1256
26,O=C(O)C(=O)Cc1ccc(O)cc1,4-hydroxyphenylpyruvic acid,180.0423,O=C(O)C(=O)C(F)(F)F,Trifluoropyruvic acid hydrate,141.9878,O=C(O)C(O)(Cc1ccc(O)cc1)C(=O)C(F)(F)F;O=C(O)C(O)(C(=O)Cc1ccc(O)cc1)C(F)(F)F,278.0402,Oc1ccc(CCCC(F)(F)F)cc1,O=C(C(O)Cc1ccc(O)cc1)C(F)(F)F;O=C(Cc1ccc(O)cc1)C(O)C(F)(F)F,234.0504
27,O=C(O)C(=O)Cc1ccc(O)cc1,4-hydroxyphenylpyruvic acid,180.0423,Cc1cc(C)c(C(=O)C(=O)O)c(C)c1,Mesitylglyoxylic acid,192.0786,Cc1cc(C)c(C(O)(C(=O)O)C(=O)Cc2ccc(O)cc2)c(C)c1;Cc1cc(C)c(C(=O)C(O)(Cc2ccc(O)cc2)C(=O)O)c(C)c1,328.1311,Cc1cc(C)c(CCCc2ccc(O)cc2)c(C)c1,Cc1cc(C)c(C(=O)C(O)Cc2ccc(O)cc2)c(C)c1;Cc1cc(C)c(C(O)C(=O)Cc2ccc(O)cc2)c(C)c1,284.1412
28,O=C(O)C(=O)Cc1ccc(O)cc1,4-hydroxyphenylpyruvic acid,180.0423,O=C(O)C(=O)c1ccoc1,3-furyl(oxo)acetic acid,140.011,O=C(O)C(O)(Cc1ccc(O)cc1)C(=O)c1ccoc1;O=C(O)C(O)(C(=O)Cc1ccc(O)cc1)c1ccoc1,276.0634,Oc1ccc(CCCc2ccoc2)cc1,O=C(c1ccoc1)C(O)Cc1ccc(O)cc1;O=C(Cc1ccc(O)cc1)C(O)c1ccoc1,232.0736
29,O=C(O)C(=O)Cc1ccc(O)cc1,4-hydroxyphenylpyruvic acid,180.0423,OC(=O)C(=O)C(C)CC,3-methyl-2-oxopentanoic acid sodium salt,130.063,CCC(C)C(=O)C(O)(Cc1ccc(O)cc1)C(=O)O;CCC(C)C(O)(C(=O)O)C(=O)Cc1ccc(O)cc1,266.1154,CCC(C)CCCc1ccc(O)cc1,CCC(C)C(O)C(=O)Cc1ccc(O)cc1;CCC(C)C(=O)C(O)Cc1ccc(O)cc1,222.1256
30,O=C(O)C(=O)Cc1ccc(O)cc1,4-hydroxyphenylpyruvic acid,180.0423,CCC(=O)C(=O)O,Sodium 2-oxobutyrate|A-ketobutyrate,102.0317,CCC(=O)C(O)(Cc1ccc(O)cc1)C(=O)O;CCC(O)(C(=O)O)C(=O)Cc1ccc(O)cc1,238.0841,CCCCCc1ccc(O)cc1,CCC(O)C(=O)Cc1ccc(O)cc1;CCC(=O)C(O)Cc1ccc(O)cc1,194.0943
31,O=C(O)C(=O)Cc1ccc(O)cc1,4-hydroxyphenylpyruvic acid,180.0423,O=C(O)C(=O)CBr,Bromopyruvic acid,165.9266,O=C(O)C(O)(Cc1ccc(O)cc1)C(=O)CBr;O=C(O)C(O)(CBr)C(=O)Cc1ccc(O)cc1,301.979,Oc1ccc(CCCCBr)cc1,O=C(CBr)C(O)Cc1ccc(O)cc1;O=C(Cc1ccc(O)cc1)C(O)CBr,257.9892
32,O=C(O)C(=O)Cc1ccc(O)cc1,4-hydroxyphenylpyruvic acid,180.0423,O=C(O)C(=O)Cc1ccccc1,Phenylpyruvic acid,164.0473,O=C(O)C(O)(Cc1ccc(O)cc1)C(=O)Cc1ccccc1;O=C(O)C(O)(Cc1ccccc1)C(=O)Cc1ccc(O)cc1,300.0998,Oc1ccc(CCCCc2ccccc2)cc1,O=C(Cc1ccc(O)cc1)C(O)Cc1ccccc1;O=C(Cc1ccccc1)C(O)Cc1ccc(O)cc1,256.1099
33,O=C(O)C(=O)Cc1ccc(O)cc1,4-hydroxyphenylpyruvic acid,180.0423,CCCC(=O)C(=O)O,2-oxovaleric acid,116.0473,CCCC(O)(C(=O)O)C(=O)Cc1ccc(O)cc1;CCCC(=O)C(O)(Cc1ccc(O)cc1)C(=O)O,252.0998,CCCCCCc1ccc(O)cc1,CCCC(=O)C(O)Cc1ccc(O)cc1;CCCC(O)C(=O)Cc1ccc(O)cc1,208.1099
34,O=C(O)C(=O)Cc1ccc(O)cc1,4-hydroxyphenylpyruvic acid,180.0423,CC(C)CC(=O)C(=O)O,4-methyl-2-oxovaleric acid,130.063,CC(C)CC(O)(C(=O)O)C(=O)Cc1ccc(O)cc1;CC(C)CC(=O)C(O)(Cc1ccc(O)cc1)C(=O)O,266.1154,CC(C)CCCCc1ccc(O)cc1,CC(C)CC(=O)C(O)Cc1ccc(O)cc1;CC(C)CC(O)C(=O)Cc1ccc(O)cc1,222.1256
35,O=C(O)C(=O)Cc1ccc(O)cc1,4-hydroxyphenylpyruvic acid,180.0423,O=C(O)CCC(=O)C(=O)O,A-ketoglutarate,146.0215,O=C(O)CCC(=O)C(O)(Cc1ccc(O)cc1)C(=O)O;O=C(O)CCC(O)(C(=O)O)C(=O)Cc1ccc(O)cc1,282.074,O=C(O)CCCCCc1ccc(O)cc1,O=C(O)CCC(O)C(=O)Cc1ccc(O)cc1;O=C(O)CCC(=O)C(O)Cc1ccc(O)cc1,238.0841
36,O=C(O)C(=O)Cc1ccc(O)cc1,4-hydroxyphenylpyruvic acid,180.0423,CC(=O)C(=O)O,Pyruvate,88.016,CC(O)(C(=O)O)C(=O)Cc1ccc(O)cc1;CC(=O)C(O)(Cc1ccc(O)cc1)C(=O)O,224.0685,CCCCc1ccc(O)cc1,CC(O)C(=O)Cc1ccc(O)cc1;CC(=O)C(O)Cc1ccc(O)cc1,180.0786
37,O=C(O)C(=O)Cc1ccc(O)cc1,4-hydroxyphenylpyruvic acid,180.0423,O=C(O)CCCCCC(=O)C(=O)O,A-ketosuberic acid,188.0685,O=C(O)CCCCCC(O)(C(=O)O)C(=O)Cc1ccc(O)cc1;O=C(O)CCCCCC(=O)C(O)(Cc1ccc(O)cc1)C(=O)O,324.1209,O=C(O)CCCCCCCCc1ccc(O)cc1,O=C(O)CCCCCC(=O)C(O)Cc1ccc(O)cc1;O=C(O)CCCCCC(O)C(=O)Cc1ccc(O)cc1,280.1311
38,O=C(O)C(=O)Cc1ccc(O)cc1,4-hydroxyphenylpyruvic acid,180.0423,O=C(O)C(=O)CC(O)CO,2-keto-3-deoxy-D-xylonic acid,148.0372,O=C(O)C(O)(Cc1ccc(O)cc1)C(=O)CC(O)CO;O=C(O)C(O)(CC(O)CO)C(=O)Cc1ccc(O)cc1,284.0896,OCC(O)CCCCc1ccc(O)cc1,O=C(Cc1ccc(O)cc1)C(O)CC(O)CO;O=C(CC(O)CO)C(O)Cc1ccc(O)cc1,240.0998
39,O=C(O)C(=O)Cc1ccc(O)cc1,4-hydroxyphenylpyruvic acid,180.0423,O=C(O)C(=O)c1ccccc1,Benzoylformic acid,150.0317,O=C(O)C(O)(C(=O)Cc1ccc(O)cc1)c1ccccc1;O=C(O)C(O)(Cc1ccc(O)cc1)C(=O)c1ccccc1,286.0841,Oc1ccc(CCCc2ccccc2)cc1,O=C(Cc1ccc(O)cc1)C(O)c1ccccc1;O=C(c1ccccc1)C(O)Cc1ccc(O)cc1,242.0943
40,O=C(O)C(=O)Cc1ccc(O)cc1,4-hydroxyphenylpyruvic acid,180.0423,O=C(O)C(=O)c1c[nH]c2ccccc12,3-indoleglyoxylic acid,189.0426,O=C(O)C(O)(C(=O)Cc1ccc(O)cc1)c1c[nH]c2ccccc12;O=C(O)C(O)(Cc1ccc(O)cc1)C(=O)c1c[nH]c2ccccc12,325.095,Oc1ccc(CCCc2c[nH]c3ccccc23)cc1,O=C(c1c[nH]c2ccccc12)C(O)Cc1ccc(O)cc1;O=C(Cc1ccc(O)cc1)C(O)c1c[nH]c2ccccc12,281.1052
41,CCCCCCC(=O)C(=O)O,2-oxooctanoic acid,158.0943,CCCCCCC(=O)C(=O)O,2-oxooctanoic acid,158.0943,CCCCCCC(=O)C(O)(CCCCCC)C(=O)O,272.1988,CCCCCCCCCCCCCC,CCCCCCC(=O)C(O)CCCCCC,228.2089
42,CCCCCCC(=O)C(=O)O,2-oxooctanoic acid,158.0943,O=C(O)C(=O)Cc1cnc[nH]1,Imidazolepyruvic acid hydrobromide hydrate,154.0378,CCCCCCC(=O)C(O)(Cc1cnc[nH]1)C(=O)O;CCCCCCC(O)(C(=O)O)C(=O)Cc1cnc[nH]1,268.1423,CCCCCCCCCc1cnc[nH]1,CCCCCCC(O)C(=O)Cc1cnc[nH]1;CCCCCCC(=O)C(O)Cc1cnc[nH]1,224.1525
43,CCCCCCC(=O)C(=O)O,2-oxooctanoic acid,158.0943,O=C(O)CCCC(=O)C(=O)O,2-oxoadipic acid,160.0372,CCCCCCC(O)(C(=O)O)C(=O)CCCC(=O)O;CCCCCCC(=O)C(O)(CCCC(=O)O)C(=O)O,274.1416,CCCCCCCCCCCC(=O)O,CCCCCCC(O)C(=O)CCCC(=O)O;CCCCCCC(=O)C(O)CCCC(=O)O,230.1518
44,CCCCCCC(=O)C(=O)O,2-oxooctanoic acid,158.0943,CC(C)(C)C(=O)C(=O)O,Trimethylpyruvic acid,130.063,CCCCCCC(=O)C(O)(C(=O)O)C(C)(C)C;CCCCCCC(O)(C(=O)O)C(=O)C(C)(C)C,244.1675,CCCCCCCCC(C)(C)C,CCCCCCC(O)C(=O)C(C)(C)C;CCCCCCC(=O)C(O)C(C)(C)C,200.1776
45,CCCCCCC(=O)C(=O)O,2-oxooctanoic acid,158.0943,O=C(O)C(=O)C(F)(F)F,Trifluoropyruvic acid hydrate,141.9878,CCCCCCC(O)(C(=O)O)C(=O)C(F)(F)F;CCCCCCC(=O)C(O)(C(=O)O)C(F)(F)F,256.0922,CCCCCCCCC(F)(F)F,CCCCCCC(=O)C(O)C(F)(F)F;CCCCCCC(O)C(=O)C(F)(F)F,212.1024
46,CCCCCCC(=O)C(=O)O,2-oxooctanoic acid,158.0943,Cc1cc(C)c(C(=O)C(=O)O)c(C)c1,Mesitylglyoxylic acid,192.0786,CCCCCCC(=O)C(O)(C(=O)O)c1c(C)cc(C)cc1C;CCCCCCC(O)(C(=O)O)C(=O)c1c(C)cc(C)cc1C,306.1831,CCCCCCCCc1c(C)cc(C)cc1C,CCCCCCC(O)C(=O)c1c(C)cc(C)cc1C;CCCCCCC(=O)C(O)c1c(C)cc(C)cc1C,262.1933
47,CCCCCCC(=O)C(=O)O,2-oxooctanoic acid,158.0943,O=C(O)C(=O)c1ccoc1,3-furyl(oxo)acetic acid,140.011,CCCCCCC(O)(C(=O)O)C(=O)c1ccoc1;CCCCCCC(=O)C(O)(C(=O)O)c1ccoc1,254.1154,CCCCCCCCc1ccoc1,CCCCCCC(O)C(=O)c1ccoc1;CCCCCCC(=O)C(O)c1ccoc1,210.1256
48,CCCCCCC(=O)C(=O)O,2-oxooctanoic acid,158.0943,OC(=O)C(=O)C(C)CC,3-methyl-2-oxopentanoic acid sodium salt,130.063,CCCCCCC(=O)C(O)(C(=O)O)C(C)CC;CCCCCCC(O)(C(=O)O)C(=O)C(C)CC,244.1675,CCCCCCCCC(C)CC,CCCCCCC(O)C(=O)C(C)CC;CCCCCCC(=O)C(O)C(C)CC,200.1776
49,CCCCCCC(=O)C(=O)O,2-oxooctanoic acid,158.0943,CCC(=O)C(=O)O,Sodium 2-oxobutyrate|A-ketobutyrate,102.0317,CCCCCCC(O)(C(=O)O)C(=O)CC;CCCCCCC(=O)C(O)(CC)C(=O)O,216.1362,CCCCCCCCCC,CCCCCCC(O)C(=O)CC;CCCCCCC(=O)C(O)CC,172.1463
50,CCCCCCC(=O)C(=O)O,2-oxooctanoic acid,158.0943,O=C(O)C(=O)CBr,Bromopyruvic acid,165.9266,CCCCCCC(=O)C(O)(CBr)C(=O)O;CCCCCCC(O)(C(=O)O)C(=O)CBr,280.031,CCCCCCCCCBr,CCCCCCC(=O)C(O)CBr;CCCCCCC(O)C(=O)CBr,236.0412
51,CCCCCCC(=O)C(=O)O,2-oxooctanoic acid,158.0943,O=C(O)C(=O)Cc1ccccc1,Phenylpyruvic acid,164.0473,CCCCCCC(=O)C(O)(Cc1ccccc1)C(=O)O;CCCCCCC(O)(C(=O)O)C(=O)Cc1ccccc1,278.1518,CCCCCCCCCc1ccccc1,CCCCCCC(O)C(=O)Cc1ccccc1;CCCCCCC(=O)C(O)Cc1ccccc1,234.162
52,CCCCCCC(=O)C(=O)O,2-oxooctanoic acid,158.0943,CCCC(=O)C(=O)O,2-oxovaleric acid,116.0473,CCCCCCC(=O)C(O)(CCC)C(=O)O;CCCCCCC(O)(C(=O)O)C(=O)CCC,230.1518,CCCCCCCCCCC,CCCCCCC(O)C(=O)CCC;CCCCCCC(=O)C(O)CCC,186.162
53,CCCCCCC(=O)C(=O)O,2-oxooctanoic acid,158.0943,CC(C)CC(=O)C(=O)O,4-methyl-2-oxovaleric acid,130.063,CCCCCCC(O)(C(=O)O)C(=O)CC(C)C;CCCCCCC(=O)C(O)(CC(C)C)C(=O)O,244.1675,CCCCCCCCCC(C)C,CCCCCCC(=O)C(O)CC(C)C;CCCCCCC(O)C(=O)CC(C)C,200.1776
54,CCCCCCC(=O)C(=O)O,2-oxooctanoic acid,158.0943,O=C(O)CCC(=O)C(=O)O,A-ketoglutarate,146.0215,CCCCCCC(=O)C(O)(CCC(=O)O)C(=O)O;CCCCCCC(O)(C(=O)O)C(=O)CCC(=O)O,260.126,CCCCCCCCCCC(=O)O,CCCCCCC(=O)C(O)CCC(=O)O;CCCCCCC(O)C(=O)CCC(=O)O,216.1362
55,CCCCCCC(=O)C(=O)O,2-oxooctanoic acid,158.0943,CC(=O)C(=O)O,Pyruvate,88.016,CCCCCCC(=O)C(C)(O)C(=O)O;CCCCCCC(O)(C(C)=O)C(=O)O,202.1205,CCCCCCCCC,CCCCCCC(O)C(C)=O;CCCCCCC(=O)C(C)O,158.1307
56,CCCCCCC(=O)C(=O)O,2-oxooctanoic acid,158.0943,O=C(O)CCCCCC(=O)C(=O)O,A-ketosuberic acid,188.0685,CCCCCCC(=O)C(O)(CCCCCC(=O)O)C(=O)O;CCCCCCC(O)(C(=O)O)C(=O)CCCCCC(=O)O,302.1729,CCCCCCCCCCCCCC(=O)O,CCCCCCC(O)C(=O)CCCCCC(=O)O;CCCCCCC(=O)C(O)CCCCCC(=O)O,258.1831
57,CCCCCCC(=O)C(=O)O,2-oxooctanoic acid,158.0943,O=C(O)C(=O)CC(O)CO,2-keto-3-deoxy-D-xylonic acid,148.0372,CCCCCCC(O)(C(=O)O)C(=O)CC(O)CO;CCCCCCC(=O)C(O)(CC(O)CO)C(=O)O,262.1416,CCCCCCCCCC(O)CO,CCCCCCC(=O)C(O)CC(O)CO;CCCCCCC(O)C(=O)CC(O)CO,218.1518
58,CCCCCCC(=O)C(=O)O,2-oxooctanoic acid,158.0943,O=C(O)C(=O)c1ccccc1,Benzoylformic acid,150.0317,CCCCCCC(=O)C(O)(C(=O)O)c1ccccc1;CCCCCCC(O)(C(=O)O)C(=O)c1ccccc1,264.1362,CCCCCCCCc1ccccc1,CCCCCCC(O)C(=O)c1ccccc1;CCCCCCC(=O)C(O)c1ccccc1,220.1463
59,CCCCCCC(=O)C(=O)O,2-oxooctanoic acid,158.0943,O=C(O)C(=O)c1c[nH]c2ccccc12,3-indoleglyoxylic acid,189.0426,CCCCCCC(=O)C(O)(C(=O)O)c1c[nH]c2ccccc12;CCCCCCC(O)(C(=O)O)C(=O)c1c[nH]c2ccccc12,303.1471,CCCCCCCCc1c[nH]c2ccccc12,CCCCCCC(O)C(=O)c1c[nH]c2ccccc12;CCCCCCC(=O)C(O)c1c[nH]c2ccccc12,259.1572
60,O=C(O)C(=O)Cc1cnc[nH]1,Imidazolepyruvic acid hydrobromide hydrate,154.0378,O=C(O)C(=O)Cc1cnc[nH]1,Imidazolepyruvic acid hydrobromide hydrate,154.0378,O=C(O)C(O)(Cc1cnc[nH]1)C(=O)Cc1cnc[nH]1,264.0859,c1ncc(CCCCc2cnc[nH]2)[nH]1,O=C(Cc1cnc[nH]1)C(O)Cc1cnc[nH]1,220.096
61,O=C(O)C(=O)Cc1cnc[nH]1,Imidazolepyruvic acid hydrobromide hydrate,154.0378,O=C(O)CCCC(=O)C(=O)O,2-oxoadipic acid,160.0372,O=C(O)CCCC(=O)C(O)(Cc1cnc[nH]1)C(=O)O;O=C(O)CCCC(O)(C(=O)O)C(=O)Cc1cnc[nH]1,270.0852,O=C(O)CCCCCCc1cnc[nH]1,O=C(O)CCCC(=O)C(O)Cc1cnc[nH]1;O=C(O)CCCC(O)C(=O)Cc1cnc[nH]1,226.0954
62,O=C(O)C(=O)Cc1cnc[nH]1,Imidazolepyruvic acid hydrobromide hydrate,154.0378,CC(C)(C)C(=O)C(=O)O,Trimethylpyruvic acid,130.063,CC(C)(C)C(O)(C(=O)O)C(=O)Cc1cnc[nH]1;CC(C)(C)C(=O)C(O)(Cc1cnc[nH]1)C(=O)O,240.111,CC(C)(C)CCCc1cnc[nH]1,CC(C)(C)C(=O)C(O)Cc1cnc[nH]1;CC(C)(C)C(O)C(=O)Cc1cnc[nH]1,196.1212
63,O=C(O)C(=O)Cc1cnc[nH]1,Imidazolepyruvic acid hydrobromide hydrate,154.0378,O=C(O)C(=O)C(F)(F)F,Trifluoropyruvic acid hydrate,141.9878,O=C(O)C(O)(C(=O)Cc1cnc[nH]1)C(F)(F)F;O=C(O)C(O)(Cc1cnc[nH]1)C(=O)C(F)(F)F,252.0358,FC(F)(F)CCCc1cnc[nH]1,O=C(Cc1cnc[nH]1)C(O)C(F)(F)F;O=C(C(O)Cc1cnc[nH]1)C(F)(F)F,208.046
64,O=C(O)C(=O)Cc1cnc[nH]1,Imidazolepyruvic acid hydrobromide hydrate,154.0378,Cc1cc(C)c(C(=O)C(=O)O)c(C)c1,Mesitylglyoxylic acid,192.0786,Cc1cc(C)c(C(=O)C(O)(Cc2cnc[nH]2)C(=O)O)c(C)c1;Cc1cc(C)c(C(O)(C(=O)O)C(=O)Cc2cnc[nH]2)c(C)c1,302.1267,Cc1cc(C)c(CCCc2cnc[nH]2)c(C)c1,Cc1cc(C)c(C(O)C(=O)Cc2cnc[nH]2)c(C)c1;Cc1cc(C)c(C(=O)C(O)Cc2cnc[nH]2)c(C)c1,258.1368
65,O=C(O)C(=O)Cc1cnc[nH]1,Imidazolepyruvic acid hydrobromide hydrate,154.0378,O=C(O)C(=O)c1ccoc1,3-furyl(oxo)acetic acid,140.011,O=C(O)C(O)(C(=O)Cc1cnc[nH]1)c1ccoc1;O=C(O)C(O)(Cc1cnc[nH]1)C(=O)c1ccoc1,250.059,c1ncc(CCCc2ccoc2)[nH]1,O=C(c1ccoc1)C(O)Cc1cnc[nH]1;O=C(Cc1cnc[nH]1)C(O)c1ccoc1,206.0691
66,O=C(O)C(=O)Cc1cnc[nH]1,Imidazolepyruvic acid hydrobromide hydrate,154.0378,OC(=O)C(=O)C(C)CC,3-methyl-2-oxopentanoic acid sodium salt,130.063,CCC(C)C(O)(C(=O)O)C(=O)Cc1cnc[nH]1;CCC(C)C(=O)C(O)(Cc1cnc[nH]1)C(=O)O,240.111,CCC(C)CCCc1cnc[nH]1,CCC(C)C(O)C(=O)Cc1cnc[nH]1;CCC(C)C(=O)C(O)Cc1cnc[nH]1,196.1212
67,O=C(O)C(=O)Cc1cnc[nH]1,Imidazolepyruvic acid hydrobromide hydrate,154.0378,CCC(=O)C(=O)O,Sodium 2-oxobutyrate|A-ketobutyrate,102.0317,CCC(O)(C(=O)O)C(=O)Cc1cnc[nH]1;CCC(=O)C(O)(Cc1cnc[nH]1)C(=O)O,212.0797,CCCCCc1cnc[nH]1,CCC(O)C(=O)Cc1cnc[nH]1;CCC(=O)C(O)Cc1cnc[nH]1,168.0899
68,O=C(O)C(=O)Cc1cnc[nH]1,Imidazolepyruvic acid hydrobromide hydrate,154.0378,O=C(O)C(=O)CBr,Bromopyruvic acid,165.9266,O=C(O)C(O)(CBr)C(=O)Cc1cnc[nH]1;O=C(O)C(O)(Cc1cnc[nH]1)C(=O)CBr,275.9746,BrCCCCc1cnc[nH]1,O=C(CBr)C(O)Cc1cnc[nH]1;O=C(Cc1cnc[nH]1)C(O)CBr,231.9847
69,O=C(O)C(=O)Cc1cnc[nH]1,Imidazolepyruvic acid hydrobromide hydrate,154.0378,O=C(O)C(=O)Cc1ccccc1,Phenylpyruvic acid,164.0473,O=C(O)C(O)(Cc1cnc[nH]1)C(=O)Cc1ccccc1;O=C(O)C(O)(Cc1ccccc1)C(=O)Cc1cnc[nH]1,274.0954,c1ccc(CCCCc2cnc[nH]2)cc1,O=C(Cc1cnc[nH]1)C(O)Cc1ccccc1;O=C(Cc1ccccc1)C(O)Cc1cnc[nH]1,230.1055
70,O=C(O)C(=O)Cc1cnc[nH]1,Imidazolepyruvic acid hydrobromide hydrate,154.0378,CCCC(=O)C(=O)O,2-oxovaleric acid,116.0473,CCCC(O)(C(=O)O)C(=O)Cc1cnc[nH]1;CCCC(=O)C(O)(Cc1cnc[nH]1)C(=O)O,226.0954,CCCCCCc1cnc[nH]1,CCCC(O)C(=O)Cc1cnc[nH]1;CCCC(=O)C(O)Cc1cnc[nH]1,182.1055
71,O=C(O)C(=O)Cc1cnc[nH]1,Imidazolepyruvic acid hydrobromide hydrate,154.0378,CC(C)CC(=O)C(=O)O,4-methyl-2-oxovaleric acid,130.063,CC(C)CC(=O)C(O)(Cc1cnc[nH]1)C(=O)O;CC(C)CC(O)(C(=O)O)C(=O)Cc1cnc[nH]1,240.111,CC(C)CCCCc1cnc[nH]1,CC(C)CC(=O)C(O)Cc1cnc[nH]1;CC(C)CC(O)C(=O)Cc1cnc[nH]1,196.1212
72,O=C(O)C(=O)Cc1cnc[nH]1,Imidazolepyruvic acid hydrobromide hydrate,154.0378,O=C(O)CCC(=O)C(=O)O,A-ketoglutarate,146.0215,O=C(O)CCC(=O)C(O)(Cc1cnc[nH]1)C(=O)O;O=C(O)CCC(O)(C(=O)O)C(=O)Cc1cnc[nH]1,256.0695,O=C(O)CCCCCc1cnc[nH]1,O=C(O)CCC(=O)C(O)Cc1cnc[nH]1;O=C(O)CCC(O)C(=O)Cc1cnc[nH]1,212.0797
73,O=C(O)C(=O)Cc1cnc[nH]1,Imidazolepyruvic acid hydrobromide hydrate,154.0378,CC(=O)C(=O)O,Pyruvate,88.016,CC(O)(C(=O)O)C(=O)Cc1cnc[nH]1;CC(=O)C(O)(Cc1cnc[nH]1)C(=O)O,198.0641,CCCCc1cnc[nH]1,CC(O)C(=O)Cc1cnc[nH]1;CC(=O)C(O)Cc1cnc[nH]1,154.0742
74,O=C(O)C(=O)Cc1cnc[nH]1,Imidazolepyruvic acid hydrobromide hydrate,154.0378,O=C(O)CCCCCC(=O)C(=O)O,A-ketosuberic acid,188.0685,O=C(O)CCCCCC(O)(C(=O)O)C(=O)Cc1cnc[nH]1;O=C(O)CCCCCC(=O)C(O)(Cc1cnc[nH]1)C(=O)O,298.1165,O=C(O)CCCCCCCCc1cnc[nH]1,O=C(O)CCCCCC(O)C(=O)Cc1cnc[nH]1;O=C(O)CCCCCC(=O)C(O)Cc1cnc[nH]1,254.1267
75,O=C(O)C(=O)Cc1cnc[nH]1,Imidazolepyruvic acid hydrobromide hydrate,154.0378,O=C(O)C(=O)CC(O)CO,2-keto-3-deoxy-D-xylonic acid,148.0372,O=C(O)C(O)(CC(O)CO)C(=O)Cc1cnc[nH]1;O=C(O)C(O)(Cc1cnc[nH]1)C(=O)CC(O)CO,258.0852,OCC(O)CCCCc1cnc[nH]1,O=C(CC(O)CO)C(O)Cc1cnc[nH]1;O=C(Cc1cnc[nH]1)C(O)CC(O)CO,214.0954
76,O=C(O)C(=O)Cc1cnc[nH]1,Imidazolepyruvic acid hydrobromide hydrate,154.0378,O=C(O)C(=O)c1ccccc1,Benzoylformic acid,150.0317,O=C(O)C(O)(C(=O)Cc1cnc[nH]1)c1ccccc1;O=C(O)C(O)(Cc1cnc[nH]1)C(=O)c1ccccc1,260.0797,c1ccc(CCCc2cnc[nH]2)cc1,O=C(Cc1cnc[nH]1)C(O)c1ccccc1;O=C(c1ccccc1)C(O)Cc1cnc[nH]1,216.0899
77,O=C(O)C(=O)Cc1cnc[nH]1,Imidazolepyruvic acid hydrobromide hydrate,154.0378,O=C(O)C(=O)c1c[nH]c2ccccc12,3-indoleglyoxylic acid,189.0426,O=C(O)C(O)(Cc1cnc[nH]1)C(=O)c1c[nH]c2ccccc12;O=C(O)C(O)(C(=O)Cc1cnc[nH]1)c1c[nH]c2ccccc12,299.0906,c1ccc2c(CCCc3cnc[nH]3)c[nH]c2c1,O=C(Cc1cnc[nH]1)C(O)c1c[nH]c2ccccc12;O=C(c1c[nH]c2ccccc12)C(O)Cc1cnc[nH]1,255.1008
78,O=C(O)CCCC(=O)C(=O)O,2-oxoadipic acid,160.0372,O=C(O)CCCC(=O)C(=O)O,2-oxoadipic acid,160.0372,O=C(O)CCCC(=O)C(O)(CCCC(=O)O)C(=O)O,276.0845,O=C(O)CCCCCCCCC(=O)O,O=C(O)CCCC(=O)C(O)CCCC(=O)O,232.0947
79,O=C(O)CCCC(=O)C(=O)O,2-oxoadipic acid,160.0372,CC(C)(C)C(=O)C(=O)O,Trimethylpyruvic acid,130.063,CC(C)(C)C(=O)C(O)(CCCC(=O)O)C(=O)O;CC(C)(C)C(O)(C(=O)O)C(=O)CCCC(=O)O,246.1103,CC(C)(C)CCCCCC(=O)O,CC(C)(C)C(=O)C(O)CCCC(=O)O;CC(C)(C)C(O)C(=O)CCCC(=O)O,202.1205
80,O=C(O)CCCC(=O)C(=O)O,2-oxoadipic acid,160.0372,O=C(O)C(=O)C(F)(F)F,Trifluoropyruvic acid hydrate,141.9878,O=C(O)CCCC(O)(C(=O)O)C(=O)C(F)(F)F;O=C(O)CCCC(=O)C(O)(C(=O)O)C(F)(F)F,258.0351,O=C(O)CCCCCC(F)(F)F,O=C(O)CCCC(=O)C(O)C(F)(F)F;O=C(O)CCCC(O)C(=O)C(F)(F)F,214.0453
81,O=C(O)CCCC(=O)C(=O)O,2-oxoadipic acid,160.0372,Cc1cc(C)c(C(=O)C(=O)O)c(C)c1,Mesitylglyoxylic acid,192.0786,Cc1cc(C)c(C(=O)C(O)(CCCC(=O)O)C(=O)O)c(C)c1;Cc1cc(C)c(C(O)(C(=O)O)C(=O)CCCC(=O)O)c(C)c1,308.126,Cc1cc(C)c(CCCCCC(=O)O)c(C)c1,Cc1cc(C)c(C(=O)C(O)CCCC(=O)O)c(C)c1;Cc1cc(C)c(C(O)C(=O)CCCC(=O)O)c(C)c1,264.1362
82,O=C(O)CCCC(=O)C(=O)O,2-oxoadipic acid,160.0372,O=C(O)C(=O)c1ccoc1,3-furyl(oxo)acetic acid,140.011,O=C(O)CCCC(O)(C(=O)O)C(=O)c1ccoc1;O=C(O)CCCC(=O)C(O)(C(=O)O)c1ccoc1,256.0583,O=C(O)CCCCCc1ccoc1,O=C(O)CCCC(=O)C(O)c1ccoc1;O=C(O)CCCC(O)C(=O)c1ccoc1,212.0685
83,O=C(O)CCCC(=O)C(=O)O,2-oxoadipic acid,160.0372,OC(=O)C(=O)C(C)CC,3-methyl-2-oxopentanoic acid sodium salt,130.063,CCC(C)C(O)(C(=O)O)C(=O)CCCC(=O)O;CCC(C)C(=O)C(O)(CCCC(=O)O)C(=O)O,246.1103,CCC(C)CCCCCC(=O)O,CCC(C)C(O)C(=O)CCCC(=O)O;CCC(C)C(=O)C(O)CCCC(=O)O,202.1205
84,O=C(O)CCCC(=O)C(=O)O,2-oxoadipic acid,160.0372,CCC(=O)C(=O)O,Sodium 2-oxobutyrate|A-ketobutyrate,102.0317,CCC(=O)C(O)(CCCC(=O)O)C(=O)O;CCC(O)(C(=O)O)C(=O)CCCC(=O)O,218.079,CCCCCCCC(=O)O,CCC(O)C(=O)CCCC(=O)O;CCC(=O)C(O)CCCC(=O)O,174.0892
85,O=C(O)CCCC(=O)C(=O)O,2-oxoadipic acid,160.0372,O=C(O)C(=O)CBr,Bromopyruvic acid,165.9266,O=C(O)CCCC(=O)C(O)(CBr)C(=O)O;O=C(O)CCCC(O)(C(=O)O)C(=O)CBr,281.9739,O=C(O)CCCCCCBr,O=C(O)CCCC(=O)C(O)CBr;O=C(O)CCCC(O)C(=O)CBr,237.9841
86,O=C(O)CCCC(=O)C(=O)O,2-oxoadipic acid,160.0372,O=C(O)C(=O)Cc1ccccc1,Phenylpyruvic acid,164.0473,O=C(O)CCCC(O)(C(=O)O)C(=O)Cc1ccccc1;O=C(O)CCCC(=O)C(O)(Cc1ccccc1)C(=O)O,280.0947,O=C(O)CCCCCCc1ccccc1,O=C(O)CCCC(=O)C(O)Cc1ccccc1;O=C(O)CCCC(O)C(=O)Cc1ccccc1,236.1049
87,O=C(O)CCCC(=O)C(=O)O,2-oxoadipic acid,160.0372,CCCC(=O)C(=O)O,2-oxovaleric acid,116.0473,CCCC(=O)C(O)(CCCC(=O)O)C(=O)O;CCCC(O)(C(=O)O)C(=O)CCCC(=O)O,232.0947,CCCCCCCCC(=O)O,CCCC(=O)C(O)CCCC(=O)O;CCCC(O)C(=O)CCCC(=O)O,188.1049
88,O=C(O)CCCC(=O)C(=O)O,2-oxoadipic acid,160.0372,CC(C)CC(=O)C(=O)O,4-methyl-2-oxovaleric acid,130.063,CC(C)CC(=O)C(O)(CCCC(=O)O)C(=O)O;CC(C)CC(O)(C(=O)O)C(=O)CCCC(=O)O,246.1103,CC(C)CCCCCCC(=O)O,CC(C)CC(O)C(=O)CCCC(=O)O;CC(C)CC(=O)C(O)CCCC(=O)O,202.1205
89,O=C(O)CCCC(=O)C(=O)O,2-oxoadipic acid,160.0372,O=C(O)CCC(=O)C(=O)O,A-ketoglutarate,146.0215,O=C(O)CCCC(O)(C(=O)O)C(=O)CCC(=O)O;O=C(O)CCCC(=O)C(O)(CCC(=O)O)C(=O)O,262.0689,O=C(O)CCCCCCCC(=O)O,O=C(O)CCCC(O)C(=O)CCC(=O)O;O=C(O)CCCC(=O)C(O)CCC(=O)O,218.079
90,O=C(O)CCCC(=O)C(=O)O,2-oxoadipic acid,160.0372,CC(=O)C(=O)O,Pyruvate,88.016,CC(=O)C(O)(CCCC(=O)O)C(=O)O;CC(O)(C(=O)O)C(=O)CCCC(=O)O,204.0634,CCCCCCC(=O)O,CC(O)C(=O)CCCC(=O)O;CC(=O)C(O)CCCC(=O)O,160.0736
91,O=C(O)CCCC(=O)C(=O)O,2-oxoadipic acid,160.0372,O=C(O)CCCCCC(=O)C(=O)O,A-ketosuberic acid,188.0685,O=C(O)CCCCCC(O)(C(=O)O)C(=O)CCCC(=O)O;O=C(O)CCCCCC(=O)C(O)(CCCC(=O)O)C(=O)O,304.1158,O=C(O)CCCCCCCCCCC(=O)O,O=C(O)CCCCCC(=O)C(O)CCCC(=O)O;O=C(O)CCCCCC(O)C(=O)CCCC(=O)O,260.126
92,O=C(O)CCCC(=O)C(=O)O,2-oxoadipic acid,160.0372,O=C(O)C(=O)CC(O)CO,2-keto-3-deoxy-D-xylonic acid,148.0372,O=C(O)CCCC(O)(C(=O)O)C(=O)CC(O)CO;O=C(O)CCCC(=O)C(O)(CC(O)CO)C(=O)O,264.0845,O=C(O)CCCCCCC(O)CO,O=C(O)CCCC(=O)C(O)CC(O)CO;O=C(O)CCCC(O)C(=O)CC(O)CO,220.0947
93,O=C(O)CCCC(=O)C(=O)O,2-oxoadipic acid,160.0372,O=C(O)C(=O)c1ccccc1,Benzoylformic acid,150.0317,O=C(O)CCCC(O)(C(=O)O)C(=O)c1ccccc1;O=C(O)CCCC(=O)C(O)(C(=O)O)c1ccccc1,266.079,O=C(O)CCCCCc1ccccc1,O=C(O)CCCC(O)C(=O)c1ccccc1;O=C(O)CCCC(=O)C(O)c1ccccc1,222.0892
94,O=C(O)CCCC(=O)C(=O)O,2-oxoadipic acid,160.0372,O=C(O)C(=O)c1c[nH]c2ccccc12,3-indoleglyoxylic acid,189.0426,O=C(O)CCCC(=O)C(O)(C(=O)O)c1c[nH]c2ccccc12;O=C(O)CCCC(O)(C(=O)O)C(=O)c1c[nH]c2ccccc12,305.0899,O=C(O)CCCCCc1c[nH]c2ccccc12,O=C(O)CCCC(O)C(=O)c1c[nH]c2ccccc12;O=C(O)CCCC(=O)C(O)c1c[nH]c2ccccc12,261.1001
95,CC(C)(C)C(=O)C(=O)O,Trimethylpyruvic acid,130.063,CC(C)(C)C(=O)C(=O)O,Trimethylpyruvic acid,130.063,CC(C)(C)C(=O)C(O)(C(=O)O)C(C)(C)C,216.1362,CC(C)(C)CCC(C)(C)C,CC(C)(C)C(=O)C(O)C(C)(C)C,172.1463
96,CC(C)(C)C(=O)C(=O)O,Trimethylpyruvic acid,130.063,O=C(O)C(=O)C(F)(F)F,Trifluoropyruvic acid hydrate,141.9878,CC(C)(C)C(O)(C(=O)O)C(=O)C(F)(F)F;CC(C)(C)C(=O)C(O)(C(=O)O)C(F)(F)F,228.0609,CC(C)(C)CCC(F)(F)F,CC(C)(C)C(=O)C(O)C(F)(F)F;CC(C)(C)C(O)C(=O)C(F)(F)F,184.0711
97,CC(C)(C)C(=O)C(=O)O,Trimethylpyruvic acid,130.063,Cc1cc(C)c(C(=O)C(=O)O)c(C)c1,Mesitylglyoxylic acid,192.0786,Cc1cc(C)c(C(=O)C(O)(C(=O)O)C(C)(C)C)c(C)c1;Cc1cc(C)c(C(O)(C(=O)O)C(=O)C(C)(C)C)c(C)c1,278.1518,Cc1cc(C)c(CCC(C)(C)C)c(C)c1,Cc1cc(C)c(C(O)C(=O)C(C)(C)C)c(C)c1;Cc1cc(C)c(C(=O)C(O)C(C)(C)C)c(C)c1,234.162
98,CC(C)(C)C(=O)C(=O)O,Trimethylpyruvic acid,130.063,O=C(O)C(=O)c1ccoc1,3-furyl(oxo)acetic acid,140.011,CC(C)(C)C(O)(C(=O)O)C(=O)c1ccoc1;CC(C)(C)C(=O)C(O)(C(=O)O)c1ccoc1,226.0841,CC(C)(C)CCc1ccoc1,CC(C)(C)C(O)C(=O)c1ccoc1;CC(C)(C)C(=O)C(O)c1ccoc1,182.0943
99,CC(C)(C)C(=O)C(=O)O,Trimethylpyruvic acid,130.063,OC(=O)C(=O)C(C)CC,3-methyl-2-oxopentanoic acid sodium salt,130.063,CCC(C)C(=O)C(O)(C(=O)O)C(C)(C)C;CCC(C)C(O)(C(=O)O)C(=O)C(C)(C)C,216.1362,CCC(C)CCC(C)(C)C,CCC(C)C(=O)C(O)C(C)(C)C;CCC(C)C(O)C(=O)C(C)(C)C,172.1463
100,CC(C)(C)C(=O)C(=O)O,Trimethylpyruvic acid,130.063,CCC(=O)C(=O)O,Sodium 2-oxobutyrate|A-ketobutyrate,102.0317,CCC(=O)C(O)(C(=O)O)C(C)(C)C;CCC(O)(C(=O)O)C(=O)C(C)(C)C,188.1049,CCCCC(C)(C)C,CCC(=O)C(O)C(C)(C)C;CCC(O)C(=O)C(C)(C)C,144.115
101,CC(C)(C)C(=O)C(=O)O,Trimethylpyruvic acid,130.063,O=C(O)C(=O)CBr,Bromopyruvic acid,165.9266,CC(C)(C)C(O)(C(=O)O)C(=O)CBr;CC(C)(C)C(=O)C(O)(CBr)C(=O)O,251.9997,CC(C)(C)CCCBr,CC(C)(C)C(O)C(=O)CBr;CC(C)(C)C(=O)C(O)CBr,208.0099
102,CC(C)(C)C(=O)C(=O)O,Trimethylpyruvic acid,130.063,O=C(O)C(=O)Cc1ccccc1,Phenylpyruvic acid,164.0473,CC(C)(C)C(=O)C(O)(Cc1ccccc1)C(=O)O;CC(C)(C)C(O)(C(=O)O)C(=O)Cc1ccccc1,250.1205,CC(C)(C)CCCc1ccccc1,CC(C)(C)C(O)C(=O)Cc1ccccc1;CC(C)(C)C(=O)C(O)Cc1ccccc1,206.1307
103,CC(C)(C)C(=O)C(=O)O,Trimethylpyruvic acid,130.063,CCCC(=O)C(=O)O,2-oxovaleric acid,116.0473,CCCC(=O)C(O)(C(=O)O)C(C)(C)C;CCCC(O)(C(=O)O)C(=O)C(C)(C)C,202.1205,CCCCCC(C)(C)C,CCCC(O)C(=O)C(C)(C)C;CCCC(=O)C(O)C(C)(C)C,158.1307
104,CC(C)(C)C(=O)C(=O)O,Trimethylpyruvic acid,130.063,CC(C)CC(=O)C(=O)O,4-methyl-2-oxovaleric acid,130.063,CC(C)CC(O)(C(=O)O)C(=O)C(C)(C)C;CC(C)CC(=O)C(O)(C(=O)O)C(C)(C)C,216.1362,CC(C)CCCC(C)(C)C,CC(C)CC(O)C(=O)C(C)(C)C;CC(C)CC(=O)C(O)C(C)(C)C,172.1463
105,CC(C)(C)C(=O)C(=O)O,Trimethylpyruvic acid,130.063,O=C(O)CCC(=O)C(=O)O,A-ketoglutarate,146.0215,CC(C)(C)C(O)(C(=O)O)C(=O)CCC(=O)O;CC(C)(C)C(=O)C(O)(CCC(=O)O)C(=O)O,232.0947,CC(C)(C)CCCCC(=O)O,CC(C)(C)C(O)C(=O)CCC(=O)O;CC(C)(C)C(=O)C(O)CCC(=O)O,188.1049
106,CC(C)(C)C(=O)C(=O)O,Trimethylpyruvic acid,130.063,CC(=O)C(=O)O,Pyruvate,88.016,CC(=O)C(O)(C(=O)O)C(C)(C)C;CC(C)(C)C(=O)C(C)(O)C(=O)O,174.0892,CCCC(C)(C)C,CC(=O)C(O)C(C)(C)C;CC(O)C(=O)C(C)(C)C,130.0994
107,CC(C)(C)C(=O)C(=O)O,Trimethylpyruvic acid,130.063,O=C(O)CCCCCC(=O)C(=O)O,A-ketosuberic acid,188.0685,CC(C)(C)C(O)(C(=O)O)C(=O)CCCCCC(=O)O;CC(C)(C)C(=O)C(O)(CCCCCC(=O)O)C(=O)O,274.1416,CC(C)(C)CCCCCCCC(=O)O,CC(C)(C)C(O)C(=O)CCCCCC(=O)O;CC(C)(C)C(=O)C(O)CCCCCC(=O)O,230.1518
108,CC(C)(C)C(=O)C(=O)O,Trimethylpyruvic acid,130.063,O=C(O)C(=O)CC(O)CO,2-keto-3-deoxy-D-xylonic acid,148.0372,CC(C)(C)C(=O)C(O)(CC(O)CO)C(=O)O;CC(C)(C)C(O)(C(=O)O)C(=O)CC(O)CO,234.1103,CC(C)(C)CCCC(O)CO,CC(C)(C)C(O)C(=O)CC(O)CO;CC(C)(C)C(=O)C(O)CC(O)CO,190.1205
109,CC(C)(C)C(=O)C(=O)O,Trimethylpyruvic acid,130.063,O=C(O)C(=O)c1ccccc1,Benzoylformic acid,150.0317,CC(C)(C)C(=O)C(O)(C(=O)O)c1ccccc1;CC(C)(C)C(O)(C(=O)O)C(=O)c1ccccc1,236.1049,CC(C)(C)CCc1ccccc1,CC(C)(C)C(O)C(=O)c1ccccc1;CC(C)(C)C(=O)C(O)c1ccccc1,192.115
110,CC(C)(C)C(=O)C(=O)O,Trimethylpyruvic acid,130.063,O=C(O)C(=O)c1c[nH]c2ccccc12,3-indoleglyoxylic acid,189.0426,CC(C)(C)C(=O)C(O)(C(=O)O)c1c[nH]c2ccccc12;CC(C)(C)C(O)(C(=O)O)C(=O)c1c[nH]c2ccccc12,275.1158,CC(C)(C)CCc1c[nH]c2ccccc12,CC(C)(C)C(=O)C(O)c1c[nH]c2ccccc12;CC(C)(C)C(O)C(=O)c1c[nH]c2ccccc12,231.1259
111,O=C(O)C(=O)C(F)(F)F,Trifluoropyruvic acid hydrate,141.9878,O=C(O)C(=O)C(F)(F)F,Trifluoropyruvic acid hydrate,141.9878,O=C(O)C(O)(C(=O)C(F)(F)F)C(F)(F)F,239.9857,FC(F)(F)CCC(F)(F)F,O=C(C(O)C(F)(F)F)C(F)(F)F,195.9959
112,O=C(O)C(=O)C(F)(F)F,Trifluoropyruvic acid hydrate,141.9878,Cc1cc(C)c(C(=O)C(=O)O)c(C)c1,Mesitylglyoxylic acid,192.0786,Cc1cc(C)c(C(O)(C(=O)O)C(=O)C(F)(F)F)c(C)c1;Cc1cc(C)c(C(=O)C(O)(C(=O)O)C(F)(F)F)c(C)c1,290.0766,Cc1cc(C)c(CCC(F)(F)F)c(C)c1,Cc1cc(C)c(C(O)C(=O)C(F)(F)F)c(C)c1;Cc1cc(C)c(C(=O)C(O)C(F)(F)F)c(C)c1,246.0868
113,O=C(O)C(=O)C(F)(F)F,Trifluoropyruvic acid hydrate,141.9878,O=C(O)C(=O)c1ccoc1,3-furyl(oxo)acetic acid,140.011,O=C(O)C(O)(C(=O)C(F)(F)F)c1ccoc1;O=C(O)C(O)(C(=O)c1ccoc1)C(F)(F)F,238.0089,FC(F)(F)CCc1ccoc1,O=C(c1ccoc1)C(O)C(F)(F)F;O=C(C(O)c1ccoc1)C(F)(F)F,194.0191
114,O=C(O)C(=O)C(F)(F)F,Trifluoropyruvic acid hydrate,141.9878,OC(=O)C(=O)C(C)CC,3-methyl-2-oxopentanoic acid sodium salt,130.063,CCC(C)C(O)(C(=O)O)C(=O)C(F)(F)F;CCC(C)C(=O)C(O)(C(=O)O)C(F)(F)F,228.0609,CCC(C)CCC(F)(F)F,CCC(C)C(=O)C(O)C(F)(F)F;CCC(C)C(O)C(=O)C(F)(F)F,184.0711
115,O=C(O)C(=O)C(F)(F)F,Trifluoropyruvic acid hydrate,141.9878,CCC(=O)C(=O)O,Sodium 2-oxobutyrate|A-ketobutyrate,102.0317,CCC(=O)C(O)(C(=O)O)C(F)(F)F;CCC(O)(C(=O)O)C(=O)C(F)(F)F,200.0296,CCCCC(F)(F)F,CCC(=O)C(O)C(F)(F)F;CCC(O)C(=O)C(F)(F)F,156.0398
116,O=C(O)C(=O)C(F)(F)F,Trifluoropyruvic acid hydrate,141.9878,O=C(O)C(=O)CBr,Bromopyruvic acid,165.9266,O=C(O)C(O)(C(=O)CBr)C(F)(F)F;O=C(O)C(O)(CBr)C(=O)C(F)(F)F,263.9245,FC(F)(F)CCCBr,O=C(CBr)C(O)C(F)(F)F;O=C(C(O)CBr)C(F)(F)F,219.9347
117,O=C(O)C(=O)C(F)(F)F,Trifluoropyruvic acid hydrate,141.9878,O=C(O)C(=O)Cc1ccccc1,Phenylpyruvic acid,164.0473,O=C(O)C(O)(C(=O)Cc1ccccc1)C(F)(F)F;O=C(O)C(O)(Cc1ccccc1)C(=O)C(F)(F)F,262.0453,FC(F)(F)CCCc1ccccc1,O=C(C(O)Cc1ccccc1)C(F)(F)F;O=C(Cc1ccccc1)C(O)C(F)(F)F,218.0555
118,O=C(O)C(=O)C(F)(F)F,Trifluoropyruvic acid hydrate,141.9878,CCCC(=O)C(=O)O,2-oxovaleric acid,116.0473,CCCC(=O)C(O)(C(=O)O)C(F)(F)F;CCCC(O)(C(=O)O)C(=O)C(F)(F)F,214.0453,CCCCCC(F)(F)F,CCCC(=O)C(O)C(F)(F)F;CCCC(O)C(=O)C(F)(F)F,170.0555
119,O=C(O)C(=O)C(F)(F)F,Trifluoropyruvic acid hydrate,141.9878,CC(C)CC(=O)C(=O)O,4-methyl-2-oxovaleric acid,130.063,CC(C)CC(=O)C(O)(C(=O)O)C(F)(F)F;CC(C)CC(O)(C(=O)O)C(=O)C(F)(F)F,228.0609,CC(C)CCCC(F)(F)F,CC(C)CC(O)C(=O)C(F)(F)F;CC(C)CC(=O)C(O)C(F)(F)F,184.0711
120,O=C(O)C(=O)C(F)(F)F,Trifluoropyruvic acid hydrate,141.9878,O=C(O)CCC(=O)C(=O)O,A-ketoglutarate,146.0215,O=C(O)CCC(O)(C(=O)O)C(=O)C(F)(F)F;O=C(O)CCC(=O)C(O)(C(=O)O)C(F)(F)F,244.0195,O=C(O)CCCCC(F)(F)F,O=C(O)CCC(=O)C(O)C(F)(F)F;O=C(O)CCC(O)C(=O)C(F)(F)F,200.0296
121,O=C(O)C(=O)C(F)(F)F,Trifluoropyruvic acid hydrate,141.9878,CC(=O)C(=O)O,Pyruvate,88.016,CC(O)(C(=O)O)C(=O)C(F)(F)F;CC(=O)C(O)(C(=O)O)C(F)(F)F,186.014,CCCC(F)(F)F,CC(O)C(=O)C(F)(F)F;CC(=O)C(O)C(F)(F)F,142.0242
122,O=C(O)C(=O)C(F)(F)F,Trifluoropyruvic acid hydrate,141.9878,O=C(O)CCCCCC(=O)C(=O)O,A-ketosuberic acid,188.0685,O=C(O)CCCCCC(O)(C(=O)O)C(=O)C(F)(F)F;O=C(O)CCCCCC(=O)C(O)(C(=O)O)C(F)(F)F,286.0664,O=C(O)CCCCCCCC(F)(F)F,O=C(O)CCCCCC(=O)C(O)C(F)(F)F;O=C(O)CCCCCC(O)C(=O)C(F)(F)F,242.0766
123,O=C(O)C(=O)C(F)(F)F,Trifluoropyruvic acid hydrate,141.9878,O=C(O)C(=O)CC(O)CO,2-keto-3-deoxy-D-xylonic acid,148.0372,O=C(O)C(O)(C(=O)CC(O)CO)C(F)(F)F;O=C(O)C(O)(CC(O)CO)C(=O)C(F)(F)F,246.0351,OCC(O)CCCC(F)(F)F,O=C(C(O)CC(O)CO)C(F)(F)F;O=C(CC(O)CO)C(O)C(F)(F)F,202.0453
124,O=C(O)C(=O)C(F)(F)F,Trifluoropyruvic acid hydrate,141.9878,O=C(O)C(=O)c1ccccc1,Benzoylformic acid,150.0317,O=C(O)C(O)(C(=O)c1ccccc1)C(F)(F)F;O=C(O)C(O)(C(=O)C(F)(F)F)c1ccccc1,248.0296,FC(F)(F)CCc1ccccc1,O=C(c1ccccc1)C(O)C(F)(F)F;O=C(C(O)c1ccccc1)C(F)(F)F,204.0398
125,O=C(O)C(=O)C(F)(F)F,Trifluoropyruvic acid hydrate,141.9878,O=C(O)C(=O)c1c[nH]c2ccccc12,3-indoleglyoxylic acid,189.0426,O=C(O)C(O)(C(=O)c1c[nH]c2ccccc12)C(F)(F)F;O=C(O)C(O)(C(=O)C(F)(F)F)c1c[nH]c2ccccc12,287.0405,FC(F)(F)CCc1c[nH]c2ccccc12,O=C(C(O)c1c[nH]c2ccccc12)C(F)(F)F;O=C(c1c[nH]c2ccccc12)C(O)C(F)(F)F,243.0507
126,Cc1cc(C)c(C(=O)C(=O)O)c(C)c1,Mesitylglyoxylic acid,192.0786,Cc1cc(C)c(C(=O)C(=O)O)c(C)c1,Mesitylglyoxylic acid,192.0786,Cc1cc(C)c(C(=O)C(O)(C(=O)O)c2c(C)cc(C)cc2C)c(C)c1,340.1675,Cc1cc(C)c(CCc2c(C)cc(C)cc2C)c(C)c1,Cc1cc(C)c(C(=O)C(O)c2c(C)cc(C)cc2C)c(C)c1,296.1776
127,Cc1cc(C)c(C(=O)C(=O)O)c(C)c1,Mesitylglyoxylic acid,192.0786,O=C(O)C(=O)c1ccoc1,3-furyl(oxo)acetic acid,140.011,Cc1cc(C)c(C(=O)C(O)(C(=O)O)c2ccoc2)c(C)c1;Cc1cc(C)c(C(O)(C(=O)O)C(=O)c2ccoc2)c(C)c1,288.0998,Cc1cc(C)c(CCc2ccoc2)c(C)c1,Cc1cc(C)c(C(O)C(=O)c2ccoc2)c(C)c1;Cc1cc(C)c(C(=O)C(O)c2ccoc2)c(C)c1,244.1099
128,Cc1cc(C)c(C(=O)C(=O)O)c(C)c1,Mesitylglyoxylic acid,192.0786,OC(=O)C(=O)C(C)CC,3-methyl-2-oxopentanoic acid sodium salt,130.063,CCC(C)C(O)(C(=O)O)C(=O)c1c(C)cc(C)cc1C;CCC(C)C(=O)C(O)(C(=O)O)c1c(C)cc(C)cc1C,278.1518,CCC(C)CCc1c(C)cc(C)cc1C,CCC(C)C(=O)C(O)c1c(C)cc(C)cc1C;CCC(C)C(O)C(=O)c1c(C)cc(C)cc1C,234.162
129,Cc1cc(C)c(C(=O)C(=O)O)c(C)c1,Mesitylglyoxylic acid,192.0786,CCC(=O)C(=O)O,Sodium 2-oxobutyrate|A-ketobutyrate,102.0317,CCC(O)(C(=O)O)C(=O)c1c(C)cc(C)cc1C;CCC(=O)C(O)(C(=O)O)c1c(C)cc(C)cc1C,250.1205,CCCCc1c(C)cc(C)cc1C,CCC(O)C(=O)c1c(C)cc(C)cc1C;CCC(=O)C(O)c1c(C)cc(C)cc1C,206.1307
130,Cc1cc(C)c(C(=O)C(=O)O)c(C)c1,Mesitylglyoxylic acid,192.0786,O=C(O)C(=O)CBr,Bromopyruvic acid,165.9266,Cc1cc(C)c(C(=O)C(O)(CBr)C(=O)O)c(C)c1;Cc1cc(C)c(C(O)(C(=O)O)C(=O)CBr)c(C)c1,314.0154,Cc1cc(C)c(CCCBr)c(C)c1,Cc1cc(C)c(C(O)C(=O)CBr)c(C)c1;Cc1cc(C)c(C(=O)C(O)CBr)c(C)c1,270.0255
131,Cc1cc(C)c(C(=O)C(=O)O)c(C)c1,Mesitylglyoxylic acid,192.0786,O=C(O)C(=O)Cc1ccccc1,Phenylpyruvic acid,164.0473,Cc1cc(C)c(C(=O)C(O)(Cc2ccccc2)C(=O)O)c(C)c1;Cc1cc(C)c(C(O)(C(=O)O)C(=O)Cc2ccccc2)c(C)c1,312.1362,Cc1cc(C)c(CCCc2ccccc2)c(C)c1,Cc1cc(C)c(C(O)C(=O)Cc2ccccc2)c(C)c1;Cc1cc(C)c(C(=O)C(O)Cc2ccccc2)c(C)c1,268.1463
132,Cc1cc(C)c(C(=O)C(=O)O)c(C)c1,Mesitylglyoxylic acid,192.0786,CCCC(=O)C(=O)O,2-oxovaleric acid,116.0473,CCCC(=O)C(O)(C(=O)O)c1c(C)cc(C)cc1C;CCCC(O)(C(=O)O)C(=O)c1c(C)cc(C)cc1C,264.1362,CCCCCc1c(C)cc(C)cc1C,CCCC(O)C(=O)c1c(C)cc(C)cc1C;CCCC(=O)C(O)c1c(C)cc(C)cc1C,220.1463
133,Cc1cc(C)c(C(=O)C(=O)O)c(C)c1,Mesitylglyoxylic acid,192.0786,CC(C)CC(=O)C(=O)O,4-methyl-2-oxovaleric acid,130.063,Cc1cc(C)c(C(O)(C(=O)O)C(=O)CC(C)C)c(C)c1;Cc1cc(C)c(C(=O)C(O)(CC(C)C)C(=O)O)c(C)c1,278.1518,Cc1cc(C)c(CCCC(C)C)c(C)c1,Cc1cc(C)c(C(O)C(=O)CC(C)C)c(C)c1;Cc1cc(C)c(C(=O)C(O)CC(C)C)c(C)c1,234.162
134,Cc1cc(C)c(C(=O)C(=O)O)c(C)c1,Mesitylglyoxylic acid,192.0786,O=C(O)CCC(=O)C(=O)O,A-ketoglutarate,146.0215,Cc1cc(C)c(C(=O)C(O)(CCC(=O)O)C(=O)O)c(C)c1;Cc1cc(C)c(C(O)(C(=O)O)C(=O)CCC(=O)O)c(C)c1,294.1103,Cc1cc(C)c(CCCCC(=O)O)c(C)c1,Cc1cc(C)c(C(=O)C(O)CCC(=O)O)c(C)c1;Cc1cc(C)c(C(O)C(=O)CCC(=O)O)c(C)c1,250.1205
135,Cc1cc(C)c(C(=O)C(=O)O)c(C)c1,Mesitylglyoxylic acid,192.0786,CC(=O)C(=O)O,Pyruvate,88.016,CC(=O)C(O)(C(=O)O)c1c(C)cc(C)cc1C;Cc1cc(C)c(C(=O)C(C)(O)C(=O)O)c(C)c1,236.1049,CCCc1c(C)cc(C)cc1C,Cc1cc(C)c(C(=O)C(C)O)c(C)c1;CC(=O)C(O)c1c(C)cc(C)cc1C,192.115
136,Cc1cc(C)c(C(=O)C(=O)O)c(C)c1,Mesitylglyoxylic acid,192.0786,O=C(O)CCCCCC(=O)C(=O)O,A-ketosuberic acid,188.0685,Cc1cc(C)c(C(O)(C(=O)O)C(=O)CCCCCC(=O)O)c(C)c1;Cc1cc(C)c(C(=O)C(O)(CCCCCC(=O)O)C(=O)O)c(C)c1,336.1573,Cc1cc(C)c(CCCCCCCC(=O)O)c(C)c1,Cc1cc(C)c(C(=O)C(O)CCCCCC(=O)O)c(C)c1;Cc1cc(C)c(C(O)C(=O)CCCCCC(=O)O)c(C)c1,292.1675
137,Cc1cc(C)c(C(=O)C(=O)O)c(C)c1,Mesitylglyoxylic acid,192.0786,O=C(O)C(=O)CC(O)CO,2-keto-3-deoxy-D-xylonic acid,148.0372,Cc1cc(C)c(C(=O)C(O)(CC(O)CO)C(=O)O)c(C)c1;Cc1cc(C)c(C(O)(C(=O)O)C(=O)CC(O)CO)c(C)c1,296.126,Cc1cc(C)c(CCCC(O)CO)c(C)c1,Cc1cc(C)c(C(=O)C(O)CC(O)CO)c(C)c1;Cc1cc(C)c(C(O)C(=O)CC(O)CO)c(C)c1,252.1362
138,Cc1cc(C)c(C(=O)C(=O)O)c(C)c1,Mesitylglyoxylic acid,192.0786,O=C(O)C(=O)c1ccccc1,Benzoylformic acid,150.0317,Cc1cc(C)c(C(O)(C(=O)O)C(=O)c2ccccc2)c(C)c1;Cc1cc(C)c(C(=O)C(O)(C(=O)O)c2ccccc2)c(C)c1,298.1205,Cc1cc(C)c(CCc2ccccc2)c(C)c1,Cc1cc(C)c(C(=O)C(O)c2ccccc2)c(C)c1;Cc1cc(C)c(C(O)C(=O)c2ccccc2)c(C)c1,254.1307
139,Cc1cc(C)c(C(=O)C(=O)O)c(C)c1,Mesitylglyoxylic acid,192.0786,O=C(O)C(=O)c1c[nH]c2ccccc12,3-indoleglyoxylic acid,189.0426,Cc1cc(C)c(C(O)(C(=O)O)C(=O)c2c[nH]c3ccccc23)c(C)c1;Cc1cc(C)c(C(=O)C(O)(C(=O)O)c2c[nH]c3ccccc23)c(C)c1,337.1314,Cc1cc(C)c(CCc2c[nH]c3ccccc23)c(C)c1,Cc1cc(C)c(C(O)C(=O)c2c[nH]c3ccccc23)c(C)c1;Cc1cc(C)c(C(=O)C(O)c2c[nH]c3ccccc23)c(C)c1,293.1416
140,O=C(O)C(=O)c1ccoc1,3-furyl(oxo)acetic acid,140.011,O=C(O)C(=O)c1ccoc1,3-furyl(oxo)acetic acid,140.011,O=C(O)C(O)(C(=O)c1ccoc1)c1ccoc1,236.0321,c1cc(CCc2ccoc2)co1,O=C(c1ccoc1)C(O)c1ccoc1,192.0423
141,O=C(O)C(=O)c1ccoc1,3-furyl(oxo)acetic acid,140.011,OC(=O)C(=O)C(C)CC,3-methyl-2-oxopentanoic acid sodium salt,130.063,CCC(C)C(O)(C(=O)O)C(=O)c1ccoc1;CCC(C)C(=O)C(O)(C(=O)O)c1ccoc1,226.0841,CCC(C)CCc1ccoc1,CCC(C)C(O)C(=O)c1ccoc1;CCC(C)C(=O)C(O)c1ccoc1,182.0943
142,O=C(O)C(=O)c1ccoc1,3-furyl(oxo)acetic acid,140.011,CCC(=O)C(=O)O,Sodium 2-oxobutyrate|A-ketobutyrate,102.0317,CCC(=O)C(O)(C(=O)O)c1ccoc1;CCC(O)(C(=O)O)C(=O)c1ccoc1,198.0528,CCCCc1ccoc1,CCC(O)C(=O)c1ccoc1;CCC(=O)C(O)c1ccoc1,154.063
143,O=C(O)C(=O)c1ccoc1,3-furyl(oxo)acetic acid,140.011,O=C(O)C(=O)CBr,Bromopyruvic acid,165.9266,O=C(O)C(O)(CBr)C(=O)c1ccoc1;O=C(O)C(O)(C(=O)CBr)c1ccoc1,261.9477,BrCCCc1ccoc1,O=C(c1ccoc1)C(O)CBr;O=C(CBr)C(O)c1ccoc1,217.9579
144,O=C(O)C(=O)c1ccoc1,3-furyl(oxo)acetic acid,140.011,O=C(O)C(=O)Cc1ccccc1,Phenylpyruvic acid,164.0473,O=C(O)C(O)(C(=O)Cc1ccccc1)c1ccoc1;O=C(O)C(O)(Cc1ccccc1)C(=O)c1ccoc1,260.0685,c1ccc(CCCc2ccoc2)cc1,O=C(Cc1ccccc1)C(O)c1ccoc1;O=C(c1ccoc1)C(O)Cc1ccccc1,216.0786
145,O=C(O)C(=O)c1ccoc1,3-furyl(oxo)acetic acid,140.011,CCCC(=O)C(=O)O,2-oxovaleric acid,116.0473,CCCC(O)(C(=O)O)C(=O)c1ccoc1;CCCC(=O)C(O)(C(=O)O)c1ccoc1,212.0685,CCCCCc1ccoc1,CCCC(=O)C(O)c1ccoc1;CCCC(O)C(=O)c1ccoc1,168.0786
146,O=C(O)C(=O)c1ccoc1,3-furyl(oxo)acetic acid,140.011,CC(C)CC(=O)C(=O)O,4-methyl-2-oxovaleric acid,130.063,CC(C)CC(O)(C(=O)O)C(=O)c1ccoc1;CC(C)CC(=O)C(O)(C(=O)O)c1ccoc1,226.0841,CC(C)CCCc1ccoc1,CC(C)CC(O)C(=O)c1ccoc1;CC(C)CC(=O)C(O)c1ccoc1,182.0943
147,O=C(O)C(=O)c1ccoc1,3-furyl(oxo)acetic acid,140.011,O=C(O)CCC(=O)C(=O)O,A-ketoglutarate,146.0215,O=C(O)CCC(O)(C(=O)O)C(=O)c1ccoc1;O=C(O)CCC(=O)C(O)(C(=O)O)c1ccoc1,242.0427,O=C(O)CCCCc1ccoc1,O=C(O)CCC(=O)C(O)c1ccoc1;O=C(O)CCC(O)C(=O)c1ccoc1,198.0528
148,O=C(O)C(=O)c1ccoc1,3-furyl(oxo)acetic acid,140.011,CC(=O)C(=O)O,Pyruvate,88.016,CC(=O)C(O)(C(=O)O)c1ccoc1;CC(O)(C(=O)O)C(=O)c1ccoc1,184.0372,CCCc1ccoc1,CC(O)C(=O)c1ccoc1;CC(=O)C(O)c1ccoc1,140.0473
149,O=C(O)C(=O)c1ccoc1,3-furyl(oxo)acetic acid,140.011,O=C(O)CCCCCC(=O)C(=O)O,A-ketosuberic acid,188.0685,O=C(O)CCCCCC(O)(C(=O)O)C(=O)c1ccoc1;O=C(O)CCCCCC(=O)C(O)(C(=O)O)c1ccoc1,284.0896,O=C(O)CCCCCCCc1ccoc1,O=C(O)CCCCCC(=O)C(O)c1ccoc1;O=C(O)CCCCCC(O)C(=O)c1ccoc1,240.0998
150,O=C(O)C(=O)c1ccoc1,3-furyl(oxo)acetic acid,140.011,O=C(O)C(=O)CC(O)CO,2-keto-3-deoxy-D-xylonic acid,148.0372,O=C(O)C(O)(CC(O)CO)C(=O)c1ccoc1;O=C(O)C(O)(C(=O)CC(O)CO)c1ccoc1,244.0583,OCC(O)CCCc1ccoc1,O=C(CC(O)CO)C(O)c1ccoc1;O=C(c1ccoc1)C(O)CC(O)CO,200.0685
151,O=C(O)C(=O)c1ccoc1,3-furyl(oxo)acetic acid,140.011,O=C(O)C(=O)c1ccccc1,Benzoylformic acid,150.0317,O=C(O)C(O)(C(=O)c1ccccc1)c1ccoc1;O=C(O)C(O)(C(=O)c1ccoc1)c1ccccc1,246.0528,c1ccc(CCc2ccoc2)cc1,O=C(c1ccoc1)C(O)c1ccccc1;O=C(c1ccccc1)C(O)c1ccoc1,202.063
152,O=C(O)C(=O)c1ccoc1,3-furyl(oxo)acetic acid,140.011,O=C(O)C(=O)c1c[nH]c2ccccc12,3-indoleglyoxylic acid,189.0426,O=C(O)C(O)(C(=O)c1c[nH]c2ccccc12)c1ccoc1;O=C(O)C(O)(C(=O)c1ccoc1)c1c[nH]c2ccccc12,285.0637,c1ccc2c(CCc3ccoc3)c[nH]c2c1,O=C(c1ccoc1)C(O)c1c[nH]c2ccccc12;O=C(c1c[nH]c2ccccc12)C(O)c1ccoc1,241.0739
153,OC(=O)C(=O)C(C)CC,3-methyl-2-oxopentanoic acid sodium salt,130.063,OC(=O)C(=O)C(C)CC,3-methyl-2-oxopentanoic acid sodium salt,130.063,CCC(C)C(=O)C(O)(C(=O)O)C(C)CC,216.1362,CCC(C)CCC(C)CC,CCC(C)C(=O)C(O)C(C)CC,172.1463
154,OC(=O)C(=O)C(C)CC,3-methyl-2-oxopentanoic acid sodium salt,130.063,CCC(=O)C(=O)O,Sodium 2-oxobutyrate|A-ketobutyrate,102.0317,CCC(C)C(=O)C(O)(CC)C(=O)O;CCC(=O)C(O)(C(=O)O)C(C)CC,188.1049,CCCCC(C)CC,CCC(=O)C(O)C(C)CC;CCC(C)C(=O)C(O)CC,144.115
155,OC(=O)C(=O)C(C)CC,3-methyl-2-oxopentanoic acid sodium salt,130.063,O=C(O)C(=O)CBr,Bromopyruvic acid,165.9266,CCC(C)C(O)(C(=O)O)C(=O)CBr;CCC(C)C(=O)C(O)(CBr)C(=O)O,251.9997,CCC(C)CCCBr,CCC(C)C(=O)C(O)CBr;CCC(C)C(O)C(=O)CBr,208.0099
156,OC(=O)C(=O)C(C)CC,3-methyl-2-oxopentanoic acid sodium salt,130.063,O=C(O)C(=O)Cc1ccccc1,Phenylpyruvic acid,164.0473,CCC(C)C(O)(C(=O)O)C(=O)Cc1ccccc1;CCC(C)C(=O)C(O)(Cc1ccccc1)C(=O)O,250.1205,CCC(C)CCCc1ccccc1,CCC(C)C(=O)C(O)Cc1ccccc1;CCC(C)C(O)C(=O)Cc1ccccc1,206.1307
157,OC(=O)C(=O)C(C)CC,3-methyl-2-oxopentanoic acid sodium salt,130.063,CCCC(=O)C(=O)O,2-oxovaleric acid,116.0473,CCCC(O)(C(=O)O)C(=O)C(C)CC;CCCC(=O)C(O)(C(=O)O)C(C)CC,202.1205,CCCCCC(C)CC,CCCC(O)C(=O)C(C)CC;CCCC(=O)C(O)C(C)CC,158.1307
158,OC(=O)C(=O)C(C)CC,3-methyl-2-oxopentanoic acid sodium salt,130.063,CC(C)CC(=O)C(=O)O,4-methyl-2-oxovaleric acid,130.063,CCC(C)C(O)(C(=O)O)C(=O)CC(C)C;CCC(C)C(=O)C(O)(CC(C)C)C(=O)O,216.1362,CCC(C)CCCC(C)C,CCC(C)C(O)C(=O)CC(C)C;CCC(C)C(=O)C(O)CC(C)C,172.1463
159,OC(=O)C(=O)C(C)CC,3-methyl-2-oxopentanoic acid sodium salt,130.063,O=C(O)CCC(=O)C(=O)O,A-ketoglutarate,146.0215,CCC(C)C(=O)C(O)(CCC(=O)O)C(=O)O;CCC(C)C(O)(C(=O)O)C(=O)CCC(=O)O,232.0947,CCC(C)CCCCC(=O)O,CCC(C)C(O)C(=O)CCC(=O)O;CCC(C)C(=O)C(O)CCC(=O)O,188.1049
160,OC(=O)C(=O)C(C)CC,3-methyl-2-oxopentanoic acid sodium salt,130.063,CC(=O)C(=O)O,Pyruvate,88.016,CCC(C)C(O)(C(C)=O)C(=O)O;CCC(C)C(=O)C(C)(O)C(=O)O,174.0892,CCCC(C)CC,CCC(C)C(O)C(C)=O;CCC(C)C(=O)C(C)O,130.0994
161,OC(=O)C(=O)C(C)CC,3-methyl-2-oxopentanoic acid sodium salt,130.063,O=C(O)CCCCCC(=O)C(=O)O,A-ketosuberic acid,188.0685,CCC(C)C(=O)C(O)(CCCCCC(=O)O)C(=O)O;CCC(C)C(O)(C(=O)O)C(=O)CCCCCC(=O)O,274.1416,CCC(C)CCCCCCCC(=O)O,CCC(C)C(=O)C(O)CCCCCC(=O)O;CCC(C)C(O)C(=O)CCCCCC(=O)O,230.1518
162,OC(=O)C(=O)C(C)CC,3-methyl-2-oxopentanoic acid sodium salt,130.063,O=C(O)C(=O)CC(O)CO,2-keto-3-deoxy-D-xylonic acid,148.0372,CCC(C)C(O)(C(=O)O)C(=O)CC(O)CO;CCC(C)C(=O)C(O)(CC(O)CO)C(=O)O,234.1103,CCC(C)CCCC(O)CO,CCC(C)C(=O)C(O)CC(O)CO;CCC(C)C(O)C(=O)CC(O)CO,190.1205
163,OC(=O)C(=O)C(C)CC,3-methyl-2-oxopentanoic acid sodium salt,130.063,O=C(O)C(=O)c1ccccc1,Benzoylformic acid,150.0317,CCC(C)C(O)(C(=O)O)C(=O)c1ccccc1;CCC(C)C(=O)C(O)(C(=O)O)c1ccccc1,236.1049,CCC(C)CCc1ccccc1,CCC(C)C(=O)C(O)c1ccccc1;CCC(C)C(O)C(=O)c1ccccc1,192.115
164,OC(=O)C(=O)C(C)CC,3-methyl-2-oxopentanoic acid sodium salt,130.063,O=C(O)C(=O)c1c[nH]c2ccccc12,3-indoleglyoxylic acid,189.0426,CCC(C)C(=O)C(O)(C(=O)O)c1c[nH]c2ccccc12;CCC(C)C(O)(C(=O)O)C(=O)c1c[nH]c2ccccc12,275.1158,CCC(C)CCc1c[nH]c2ccccc12,CCC(C)C(O)C(=O)c1c[nH]c2ccccc12;CCC(C)C(=O)C(O)c1c[nH]c2ccccc12,231.1259
165,CCC(=O)C(=O)O,Sodium 2-oxobutyrate|A-ketobutyrate,102.0317,CCC(=O)C(=O)O,Sodium 2-oxobutyrate|A-ketobutyrate,102.0317,CCC(=O)C(O)(CC)C(=O)O,160.0736,CCCCCC,CCC(=O)C(O)CC,116.0837
166,CCC(=O)C(=O)O,Sodium 2-oxobutyrate|A-ketobutyrate,102.0317,O=C(O)C(=O)CBr,Bromopyruvic acid,165.9266,CCC(O)(C(=O)O)C(=O)CBr;CCC(=O)C(O)(CBr)C(=O)O,223.9684,CCCCCBr,CCC(O)C(=O)CBr;CCC(=O)C(O)CBr,179.9786
167,CCC(=O)C(=O)O,Sodium 2-oxobutyrate|A-ketobutyrate,102.0317,O=C(O)C(=O)Cc1ccccc1,Phenylpyruvic acid,164.0473,CCC(=O)C(O)(Cc1ccccc1)C(=O)O;CCC(O)(C(=O)O)C(=O)Cc1ccccc1,222.0892,CCCCCc1ccccc1,CCC(=O)C(O)Cc1ccccc1;CCC(O)C(=O)Cc1ccccc1,178.0994
168,CCC(=O)C(=O)O,Sodium 2-oxobutyrate|A-ketobutyrate,102.0317,CCCC(=O)C(=O)O,2-oxovaleric acid,116.0473,CCCC(=O)C(O)(CC)C(=O)O;CCCC(O)(C(=O)O)C(=O)CC,174.0892,CCCCCCC,CCCC(O)C(=O)CC;CCCC(=O)C(O)CC,130.0994
169,CCC(=O)C(=O)O,Sodium 2-oxobutyrate|A-ketobutyrate,102.0317,CC(C)CC(=O)C(=O)O,4-methyl-2-oxovaleric acid,130.063,CCC(O)(C(=O)O)C(=O)CC(C)C;CCC(=O)C(O)(CC(C)C)C(=O)O,188.1049,CCCCCC(C)C,CCC(O)C(=O)CC(C)C;CCC(=O)C(O)CC(C)C,144.115
170,CCC(=O)C(=O)O,Sodium 2-oxobutyrate|A-ketobutyrate,102.0317,O=C(O)CCC(=O)C(=O)O,A-ketoglutarate,146.0215,CCC(=O)C(O)(CCC(=O)O)C(=O)O;CCC(O)(C(=O)O)C(=O)CCC(=O)O,204.0634,CCCCCCC(=O)O,CCC(=O)C(O)CCC(=O)O;CCC(O)C(=O)CCC(=O)O,160.0736
171,CCC(=O)C(=O)O,Sodium 2-oxobutyrate|A-ketobutyrate,102.0317,CC(=O)C(=O)O,Pyruvate,88.016,CCC(O)(C(C)=O)C(=O)O;CCC(=O)C(C)(O)C(=O)O,146.0579,CCCCC,CCC(=O)C(C)O;CCC(O)C(C)=O,102.0681
172,CCC(=O)C(=O)O,Sodium 2-oxobutyrate|A-ketobutyrate,102.0317,O=C(O)CCCCCC(=O)C(=O)O,A-ketosuberic acid,188.0685,CCC(=O)C(O)(CCCCCC(=O)O)C(=O)O;CCC(O)(C(=O)O)C(=O)CCCCCC(=O)O,246.1103,CCCCCCCCCC(=O)O,CCC(=O)C(O)CCCCCC(=O)O;CCC(O)C(=O)CCCCCC(=O)O,202.1205
173,CCC(=O)C(=O)O,Sodium 2-oxobutyrate|A-ketobutyrate,102.0317,O=C(O)C(=O)CC(O)CO,2-keto-3-deoxy-D-xylonic acid,148.0372,CCC(O)(C(=O)O)C(=O)CC(O)CO;CCC(=O)C(O)(CC(O)CO)C(=O)O,206.079,CCCCCC(O)CO,CCC(O)C(=O)CC(O)CO;CCC(=O)C(O)CC(O)CO,162.0892
174,CCC(=O)C(=O)O,Sodium 2-oxobutyrate|A-ketobutyrate,102.0317,O=C(O)C(=O)c1ccccc1,Benzoylformic acid,150.0317,CCC(O)(C(=O)O)C(=O)c1ccccc1;CCC(=O)C(O)(C(=O)O)c1ccccc1,208.0736,CCCCc1ccccc1,CCC(O)C(=O)c1ccccc1;CCC(=O)C(O)c1ccccc1,164.0837
175,CCC(=O)C(=O)O,Sodium 2-oxobutyrate|A-ketobutyrate,102.0317,O=C(O)C(=O)c1c[nH]c2ccccc12,3-indoleglyoxylic acid,189.0426,CCC(=O)C(O)(C(=O)O)c1c[nH]c2ccccc12;CCC(O)(C(=O)O)C(=O)c1c[nH]c2ccccc12,247.0845,CCCCc1c[nH]c2ccccc12,CCC(=O)C(O)c1c[nH]c2ccccc12;CCC(O)C(=O)c1c[nH]c2ccccc12,203.0946
176,O=C(O)C(=O)CBr,Bromopyruvic acid,165.9266,O=C(O)C(=O)CBr,Bromopyruvic acid,165.9266,O=C(O)C(O)(CBr)C(=O)CBr,287.8633,BrCCCCBr,O=C(CBr)C(O)CBr,243.8735
177,O=C(O)C(=O)CBr,Bromopyruvic acid,165.9266,O=C(O)C(=O)Cc1ccccc1,Phenylpyruvic acid,164.0473,O=C(O)C(O)(Cc1ccccc1)C(=O)CBr;O=C(O)C(O)(CBr)C(=O)Cc1ccccc1,285.9841,BrCCCCc1ccccc1,O=C(Cc1ccccc1)C(O)CBr;O=C(CBr)C(O)Cc1ccccc1,241.9942
178,O=C(O)C(=O)CBr,Bromopyruvic acid,165.9266,CCCC(=O)C(=O)O,2-oxovaleric acid,116.0473,CCCC(=O)C(O)(CBr)C(=O)O;CCCC(O)(C(=O)O)C(=O)CBr,237.9841,CCCCCCBr,CCCC(=O)C(O)CBr;CCCC(O)C(=O)CBr,193.9942
179,O=C(O)C(=O)CBr,Bromopyruvic acid,165.9266,CC(C)CC(=O)C(=O)O,4-methyl-2-oxovaleric acid,130.063,CC(C)CC(O)(C(=O)O)C(=O)CBr;CC(C)CC(=O)C(O)(CBr)C(=O)O,251.9997,CC(C)CCCCBr,CC(C)CC(=O)C(O)CBr;CC(C)CC(O)C(=O)CBr,208.0099
180,O=C(O)C(=O)CBr,Bromopyruvic acid,165.9266,O=C(O)CCC(=O)C(=O)O,A-ketoglutarate,146.0215,O=C(O)CCC(=O)C(O)(CBr)C(=O)O;O=C(O)CCC(O)(C(=O)O)C(=O)CBr,267.9583,O=C(O)CCCCCBr,O=C(O)CCC(O)C(=O)CBr;O=C(O)CCC(=O)C(O)CBr,223.9684
181,O=C(O)C(=O)CBr,Bromopyruvic acid,165.9266,CC(=O)C(=O)O,Pyruvate,88.016,CC(=O)C(O)(CBr)C(=O)O;CC(O)(C(=O)O)C(=O)CBr,209.9528,CCCCBr,CC(O)C(=O)CBr;CC(=O)C(O)CBr,165.9629
182,O=C(O)C(=O)CBr,Bromopyruvic acid,165.9266,O=C(O)CCCCCC(=O)C(=O)O,A-ketosuberic acid,188.0685,O=C(O)CCCCCC(O)(C(=O)O)C(=O)CBr;O=C(O)CCCCCC(=O)C(O)(CBr)C(=O)O,310.0052,O=C(O)CCCCCCCCBr,O=C(O)CCCCCC(=O)C(O)CBr;O=C(O)CCCCCC(O)C(=O)CBr,266.0154
183,O=C(O)C(=O)CBr,Bromopyruvic acid,165.9266,O=C(O)C(=O)CC(O)CO,2-keto-3-deoxy-D-xylonic acid,148.0372,O=C(O)C(O)(CBr)C(=O)CC(O)CO;O=C(O)C(O)(CC(O)CO)C(=O)CBr,269.9739,OCC(O)CCCCBr,O=C(CBr)C(O)CC(O)CO;O=C(CC(O)CO)C(O)CBr,225.9841
184,O=C(O)C(=O)CBr,Bromopyruvic acid,165.9266,O=C(O)C(=O)c1ccccc1,Benzoylformic acid,150.0317,O=C(O)C(O)(C(=O)CBr)c1ccccc1;O=C(O)C(O)(CBr)C(=O)c1ccccc1,271.9684,BrCCCc1ccccc1,O=C(CBr)C(O)c1ccccc1;O=C(c1ccccc1)C(O)CBr,227.9786
185,O=C(O)C(=O)CBr,Bromopyruvic acid,165.9266,O=C(O)C(=O)c1c[nH]c2ccccc12,3-indoleglyoxylic acid,189.0426,O=C(O)C(O)(CBr)C(=O)c1c[nH]c2ccccc12;O=C(O)C(O)(C(=O)CBr)c1c[nH]c2ccccc12,310.9793,BrCCCc1c[nH]c2ccccc12,O=C(CBr)C(O)c1c[nH]c2ccccc12;O=C(c1c[nH]c2ccccc12)C(O)CBr,266.9895
186,O=C(O)C(=O)Cc1ccccc1,Phenylpyruvic acid,164.0473,O=C(O)C(=O)Cc1ccccc1,Phenylpyruvic acid,164.0473,O=C(O)C(O)(Cc1ccccc1)C(=O)Cc1ccccc1,284.1049,c1ccc(CCCCc2ccccc2)cc1,O=C(Cc1ccccc1)C(O)Cc1ccccc1,240.115
187,O=C(O)C(=O)Cc1ccccc1,Phenylpyruvic acid,164.0473,CCCC(=O)C(=O)O,2-oxovaleric acid,116.0473,CCCC(O)(C(=O)O)C(=O)Cc1ccccc1;CCCC(=O)C(O)(Cc1ccccc1)C(=O)O,236.1049,CCCCCCc1ccccc1,CCCC(O)C(=O)Cc1ccccc1;CCCC(=O)C(O)Cc1ccccc1,192.115
188,O=C(O)C(=O)Cc1ccccc1,Phenylpyruvic acid,164.0473,CC(C)CC(=O)C(=O)O,4-methyl-2-oxovaleric acid,130.063,CC(C)CC(=O)C(O)(Cc1ccccc1)C(=O)O;CC(C)CC(O)(C(=O)O)C(=O)Cc1ccccc1,250.1205,CC(C)CCCCc1ccccc1,CC(C)CC(=O)C(O)Cc1ccccc1;CC(C)CC(O)C(=O)Cc1ccccc1,206.1307
189,O=C(O)C(=O)Cc1ccccc1,Phenylpyruvic acid,164.0473,O=C(O)CCC(=O)C(=O)O,A-ketoglutarate,146.0215,O=C(O)CCC(=O)C(O)(Cc1ccccc1)C(=O)O;O=C(O)CCC(O)(C(=O)O)C(=O)Cc1ccccc1,266.079,O=C(O)CCCCCc1ccccc1,O=C(O)CCC(O)C(=O)Cc1ccccc1;O=C(O)CCC(=O)C(O)Cc1ccccc1,222.0892
190,O=C(O)C(=O)Cc1ccccc1,Phenylpyruvic acid,164.0473,CC(=O)C(=O)O,Pyruvate,88.016,CC(O)(C(=O)O)C(=O)Cc1ccccc1;CC(=O)C(O)(Cc1ccccc1)C(=O)O,208.0736,CCCCc1ccccc1,CC(=O)C(O)Cc1ccccc1;CC(O)C(=O)Cc1ccccc1,164.0837
191,O=C(O)C(=O)Cc1ccccc1,Phenylpyruvic acid,164.0473,O=C(O)CCCCCC(=O)C(=O)O,A-ketosuberic acid,188.0685,O=C(O)CCCCCC(=O)C(O)(Cc1ccccc1)C(=O)O;O=C(O)CCCCCC(O)(C(=O)O)C(=O)Cc1ccccc1,308.126,O=C(O)CCCCCCCCc1ccccc1,O=C(O)CCCCCC(=O)C(O)Cc1ccccc1;O=C(O)CCCCCC(O)C(=O)Cc1ccccc1,264.1362
192,O=C(O)C(=O)Cc1ccccc1,Phenylpyruvic acid,164.0473,O=C(O)C(=O)CC(O)CO,2-keto-3-deoxy-D-xylonic acid,148.0372,O=C(O)C(O)(Cc1ccccc1)C(=O)CC(O)CO;O=C(O)C(O)(CC(O)CO)C(=O)Cc1ccccc1,268.0947,OCC(O)CCCCc1ccccc1,O=C(CC(O)CO)C(O)Cc1ccccc1;O=C(Cc1ccccc1)C(O)CC(O)CO,224.1049
193,O=C(O)C(=O)Cc1ccccc1,Phenylpyruvic acid,164.0473,O=C(O)C(=O)c1ccccc1,Benzoylformic acid,150.0317,O=C(O)C(O)(C(=O)Cc1ccccc1)c1ccccc1;O=C(O)C(O)(Cc1ccccc1)C(=O)c1ccccc1,270.0892,c1ccc(CCCc2ccccc2)cc1,O=C(c1ccccc1)C(O)Cc1ccccc1;O=C(Cc1ccccc1)C(O)c1ccccc1,226.0994
194,O=C(O)C(=O)Cc1ccccc1,Phenylpyruvic acid,164.0473,O=C(O)C(=O)c1c[nH]c2ccccc12,3-indoleglyoxylic acid,189.0426,O=C(O)C(O)(C(=O)Cc1ccccc1)c1c[nH]c2ccccc12;O=C(O)C(O)(Cc1ccccc1)C(=O)c1c[nH]c2ccccc12,309.1001,c1ccc(CCCc2c[nH]c3ccccc23)cc1,O=C(c1c[nH]c2ccccc12)C(O)Cc1ccccc1;O=C(Cc1ccccc1)C(O)c1c[nH]c2ccccc12,265.1103
195,CCCC(=O)C(=O)O,2-oxovaleric acid,116.0473,CCCC(=O)C(=O)O,2-oxovaleric acid,116.0473,CCCC(=O)C(O)(CCC)C(=O)O,188.1049,CCCCCCCC,CCCC(=O)C(O)CCC,144.115
196,CCCC(=O)C(=O)O,2-oxovaleric acid,116.0473,CC(C)CC(=O)C(=O)O,4-methyl-2-oxovaleric acid,130.063,CCCC(O)(C(=O)O)C(=O)CC(C)C;CCCC(=O)C(O)(CC(C)C)C(=O)O,202.1205,CCCCCCC(C)C,CCCC(O)C(=O)CC(C)C;CCCC(=O)C(O)CC(C)C,158.1307
197,CCCC(=O)C(=O)O,2-oxovaleric acid,116.0473,O=C(O)CCC(=O)C(=O)O,A-ketoglutarate,146.0215,CCCC(O)(C(=O)O)C(=O)CCC(=O)O;CCCC(=O)C(O)(CCC(=O)O)C(=O)O,218.079,CCCCCCCC(=O)O,CCCC(=O)C(O)CCC(=O)O;CCCC(O)C(=O)CCC(=O)O,174.0892
198,CCCC(=O)C(=O)O,2-oxovaleric acid,116.0473,CC(=O)C(=O)O,Pyruvate,88.016,CCCC(O)(C(C)=O)C(=O)O;CCCC(=O)C(C)(O)C(=O)O,160.0736,CCCCCC,CCCC(O)C(C)=O;CCCC(=O)C(C)O,116.0837
199,CCCC(=O)C(=O)O,2-oxovaleric acid,116.0473,O=C(O)CCCCCC(=O)C(=O)O,A-ketosuberic acid,188.0685,CCCC(O)(C(=O)O)C(=O)CCCCCC(=O)O;CCCC(=O)C(O)(CCCCCC(=O)O)C(=O)O,260.126,CCCCCCCCCCC(=O)O,CCCC(O)C(=O)CCCCCC(=O)O;CCCC(=O)C(O)CCCCCC(=O)O,216.1362
200,CCCC(=O)C(=O)O,2-oxovaleric acid,116.0473,O=C(O)C(=O)CC(O)CO,2-keto-3-deoxy-D-xylonic acid,148.0372,CCCC(O)(C(=O)O)C(=O)CC(O)CO;CCCC(=O)C(O)(CC(O)CO)C(=O)O,220.0947,CCCCCCC(O)CO,CCCC(=O)C(O)CC(O)CO;CCCC(O)C(=O)CC(O)CO,176.1049
201,CCCC(=O)C(=O)O,2-oxovaleric acid,116.0473,O=C(O)C(=O)c1ccccc1,Benzoylformic acid,150.0317,CCCC(O)(C(=O)O)C(=O)c1ccccc1;CCCC(=O)C(O)(C(=O)O)c1ccccc1,222.0892,CCCCCc1ccccc1,CCCC(O)C(=O)c1ccccc1;CCCC(=O)C(O)c1ccccc1,178.0994
202,CCCC(=O)C(=O)O,2-oxovaleric acid,116.0473,O=C(O)C(=O)c1c[nH]c2ccccc12,3-indoleglyoxylic acid,189.0426,CCCC(=O)C(O)(C(=O)O)c1c[nH]c2ccccc12;CCCC(O)(C(=O)O)C(=O)c1c[nH]c2ccccc12,261.1001,CCCCCc1c[nH]c2ccccc12,CCCC(=O)C(O)c1c[nH]c2ccccc12;CCCC(O)C(=O)c1c[nH]c2ccccc12,217.1103
203,CC(C)CC(=O)C(=O)O,4-methyl-2-oxovaleric acid,130.063,CC(C)CC(=O)C(=O)O,4-methyl-2-oxovaleric acid,130.063,CC(C)CC(=O)C(O)(CC(C)C)C(=O)O,216.1362,CC(C)CCCCC(C)C,CC(C)CC(=O)C(O)CC(C)C,172.1463
204,CC(C)CC(=O)C(=O)O,4-methyl-2-oxovaleric acid,130.063,O=C(O)CCC(=O)C(=O)O,A-ketoglutarate,146.0215,CC(C)CC(=O)C(O)(CCC(=O)O)C(=O)O;CC(C)CC(O)(C(=O)O)C(=O)CCC(=O)O,232.0947,CC(C)CCCCCC(=O)O,CC(C)CC(=O)C(O)CCC(=O)O;CC(C)CC(O)C(=O)CCC(=O)O,188.1049
205,CC(C)CC(=O)C(=O)O,4-methyl-2-oxovaleric acid,130.063,CC(=O)C(=O)O,Pyruvate,88.016,CC(C)CC(=O)C(C)(O)C(=O)O;CC(=O)C(O)(CC(C)C)C(=O)O,174.0892,CCCCC(C)C,CC(=O)C(O)CC(C)C;CC(C)CC(=O)C(C)O,130.0994
206,CC(C)CC(=O)C(=O)O,4-methyl-2-oxovaleric acid,130.063,O=C(O)CCCCCC(=O)C(=O)O,A-ketosuberic acid,188.0685,CC(C)CC(=O)C(O)(CCCCCC(=O)O)C(=O)O;CC(C)CC(O)(C(=O)O)C(=O)CCCCCC(=O)O,274.1416,CC(C)CCCCCCCCC(=O)O,CC(C)CC(=O)C(O)CCCCCC(=O)O;CC(C)CC(O)C(=O)CCCCCC(=O)O,230.1518
207,CC(C)CC(=O)C(=O)O,4-methyl-2-oxovaleric acid,130.063,O=C(O)C(=O)CC(O)CO,2-keto-3-deoxy-D-xylonic acid,148.0372,CC(C)CC(O)(C(=O)O)C(=O)CC(O)CO;CC(C)CC(=O)C(O)(CC(O)CO)C(=O)O,234.1103,CC(C)CCCCC(O)CO,CC(C)CC(=O)C(O)CC(O)CO;CC(C)CC(O)C(=O)CC(O)CO,190.1205
208,CC(C)CC(=O)C(=O)O,4-methyl-2-oxovaleric acid,130.063,O=C(O)C(=O)c1ccccc1,Benzoylformic acid,150.0317,CC(C)CC(=O)C(O)(C(=O)O)c1ccccc1;CC(C)CC(O)(C(=O)O)C(=O)c1ccccc1,236.1049,CC(C)CCCc1ccccc1,CC(C)CC(O)C(=O)c1ccccc1;CC(C)CC(=O)C(O)c1ccccc1,192.115
209,CC(C)CC(=O)C(=O)O,4-methyl-2-oxovaleric acid,130.063,O=C(O)C(=O)c1c[nH]c2ccccc12,3-indoleglyoxylic acid,189.0426,CC(C)CC(=O)C(O)(C(=O)O)c1c[nH]c2ccccc12;CC(C)CC(O)(C(=O)O)C(=O)c1c[nH]c2ccccc12,275.1158,CC(C)CCCc1c[nH]c2ccccc12,CC(C)CC(=O)C(O)c1c[nH]c2ccccc12;CC(C)CC(O)C(=O)c1c[nH]c2ccccc12,231.1259
210,O=C(O)CCC(=O)C(=O)O,A-ketoglutarate,146.0215,O=C(O)CCC(=O)C(=O)O,A-ketoglutarate,146.0215,O=C(O)CCC(=O)C(O)(CCC(=O)O)C(=O)O,248.0532,O=C(O)CCCCCCC(=O)O,O=C(O)CCC(=O)C(O)CCC(=O)O,204.0634
211,O=C(O)CCC(=O)C(=O)O,A-ketoglutarate,146.0215,CC(=O)C(=O)O,Pyruvate,88.016,CC(=O)C(O)(CCC(=O)O)C(=O)O;CC(O)(C(=O)O)C(=O)CCC(=O)O,190.0477,CCCCCC(=O)O,CC(O)C(=O)CCC(=O)O;CC(=O)C(O)CCC(=O)O,146.0579
212,O=C(O)CCC(=O)C(=O)O,A-ketoglutarate,146.0215,O=C(O)CCCCCC(=O)C(=O)O,A-ketosuberic acid,188.0685,O=C(O)CCCCCC(O)(C(=O)O)C(=O)CCC(=O)O;O=C(O)CCCCCC(=O)C(O)(CCC(=O)O)C(=O)O,290.1002,O=C(O)CCCCCCCCCC(=O)O,O=C(O)CCCCCC(O)C(=O)CCC(=O)O;O=C(O)CCCCCC(=O)C(O)CCC(=O)O,246.1103
213,O=C(O)CCC(=O)C(=O)O,A-ketoglutarate,146.0215,O=C(O)C(=O)CC(O)CO,2-keto-3-deoxy-D-xylonic acid,148.0372,O=C(O)CCC(O)(C(=O)O)C(=O)CC(O)CO;O=C(O)CCC(=O)C(O)(CC(O)CO)C(=O)O,250.0689,O=C(O)CCCCCC(O)CO,O=C(O)CCC(=O)C(O)CC(O)CO;O=C(O)CCC(O)C(=O)CC(O)CO,206.079
214,O=C(O)CCC(=O)C(=O)O,A-ketoglutarate,146.0215,O=C(O)C(=O)c1ccccc1,Benzoylformic acid,150.0317,O=C(O)CCC(O)(C(=O)O)C(=O)c1ccccc1;O=C(O)CCC(=O)C(O)(C(=O)O)c1ccccc1,252.0634,O=C(O)CCCCc1ccccc1,O=C(O)CCC(O)C(=O)c1ccccc1;O=C(O)CCC(=O)C(O)c1ccccc1,208.0736
215,O=C(O)CCC(=O)C(=O)O,A-ketoglutarate,146.0215,O=C(O)C(=O)c1c[nH]c2ccccc12,3-indoleglyoxylic acid,189.0426,O=C(O)CCC(=O)C(O)(C(=O)O)c1c[nH]c2ccccc12;O=C(O)CCC(O)(C(=O)O)C(=O)c1c[nH]c2ccccc12,291.0743,O=C(O)CCCCc1c[nH]c2ccccc12,O=C(O)CCC(O)C(=O)c1c[nH]c2ccccc12;O=C(O)CCC(=O)C(O)c1c[nH]c2ccccc12,247.0845
216,CC(=O)C(=O)O,Pyruvate,88.016,CC(=O)C(=O)O,Pyruvate,88.016,CC(=O)C(C)(O)C(=O)O,132.0423,CCCC,CC(=O)C(C)O,88.0524
217,CC(=O)C(=O)O,Pyruvate,88.016,O=C(O)CCCCCC(=O)C(=O)O,A-ketosuberic acid,188.0685,CC(O)(C(=O)O)C(=O)CCCCCC(=O)O;CC(=O)C(O)(CCCCCC(=O)O)C(=O)O,232.0947,CCCCCCCCC(=O)O,CC(=O)C(O)CCCCCC(=O)O;CC(O)C(=O)CCCCCC(=O)O,188.1049
218,CC(=O)C(=O)O,Pyruvate,88.016,O=C(O)C(=O)CC(O)CO,2-keto-3-deoxy-D-xylonic acid,148.0372,CC(O)(C(=O)O)C(=O)CC(O)CO;CC(=O)C(O)(CC(O)CO)C(=O)O,192.0634,CCCCC(O)CO,CC(=O)C(O)CC(O)CO;CC(O)C(=O)CC(O)CO,148.0736
219,CC(=O)C(=O)O,Pyruvate,88.016,O=C(O)C(=O)c1ccccc1,Benzoylformic acid,150.0317,CC(O)(C(=O)O)C(=O)c1ccccc1;CC(=O)C(O)(C(=O)O)c1ccccc1,194.0579,CCCc1ccccc1,CC(O)C(=O)c1ccccc1;CC(=O)C(O)c1ccccc1,150.0681
220,CC(=O)C(=O)O,Pyruvate,88.016,O=C(O)C(=O)c1c[nH]c2ccccc12,3-indoleglyoxylic acid,189.0426,CC(O)(C(=O)O)C(=O)c1c[nH]c2ccccc12;CC(=O)C(O)(C(=O)O)c1c[nH]c2ccccc12,233.0688,CCCc1c[nH]c2ccccc12,CC(O)C(=O)c1c[nH]c2ccccc12;CC(=O)C(O)c1c[nH]c2ccccc12,189.079
221,O=C(O)CCCCCC(=O)C(=O)O,A-ketosuberic acid,188.0685,O=C(O)CCCCCC(=O)C(=O)O,A-ketosuberic acid,188.0685,O=C(O)CCCCCC(=O)C(O)(CCCCCC(=O)O)C(=O)O,332.1471,O=C(O)CCCCCCCCCCCCC(=O)O,O=C(O)CCCCCC(=O)C(O)CCCCCC(=O)O,288.1573
222,O=C(O)CCCCCC(=O)C(=O)O,A-ketosuberic acid,188.0685,O=C(O)C(=O)CC(O)CO,2-keto-3-deoxy-D-xylonic acid,148.0372,O=C(O)CCCCCC(O)(C(=O)O)C(=O)CC(O)CO;O=C(O)CCCCCC(=O)C(O)(CC(O)CO)C(=O)O,292.1158,O=C(O)CCCCCCCCC(O)CO,O=C(O)CCCCCC(O)C(=O)CC(O)CO;O=C(O)CCCCCC(=O)C(O)CC(O)CO,248.126
223,O=C(O)CCCCCC(=O)C(=O)O,A-ketosuberic acid,188.0685,O=C(O)C(=O)c1ccccc1,Benzoylformic acid,150.0317,O=C(O)CCCCCC(O)(C(=O)O)C(=O)c1ccccc1;O=C(O)CCCCCC(=O)C(O)(C(=O)O)c1ccccc1,294.1103,O=C(O)CCCCCCCc1ccccc1,O=C(O)CCCCCC(=O)C(O)c1ccccc1;O=C(O)CCCCCC(O)C(=O)c1ccccc1,250.1205
224,O=C(O)CCCCCC(=O)C(=O)O,A-ketosuberic acid,188.0685,O=C(O)C(=O)c1c[nH]c2ccccc12,3-indoleglyoxylic acid,189.0426,O=C(O)CCCCCC(O)(C(=O)O)C(=O)c1c[nH]c2ccccc12;O=C(O)CCCCCC(=O)C(O)(C(=O)O)c1c[nH]c2ccccc12,333.1212,O=C(O)CCCCCCCc1c[nH]c2ccccc12,O=C(O)CCCCCC(O)C(=O)c1c[nH]c2ccccc12;O=C(O)CCCCCC(=O)C(O)c1c[nH]c2ccccc12,289.1314
225,O=C(O)C(=O)CC(O)CO,2-keto-3-deoxy-D-xylonic acid,148.0372,O=C(O)C(=O)CC(O)CO,2-keto-3-deoxy-D-xylonic acid,148.0372,O=C(O)C(O)(CC(O)CO)C(=O)CC(O)CO,252.0845,OCC(O)CCCCC(O)CO,O=C(CC(O)CO)C(O)CC(O)CO,208.0947
226,O=C(O)C(=O)CC(O)CO,2-keto-3-deoxy-D-xylonic acid,148.0372,O=C(O)C(=O)c1ccccc1,Benzoylformic acid,150.0317,O=C(O)C(O)(CC(O)CO)C(=O)c1ccccc1;O=C(O)C(O)(C(=O)CC(O)CO)c1ccccc1,254.079,OCC(O)CCCc1ccccc1,O=C(CC(O)CO)C(O)c1ccccc1;O=C(c1ccccc1)C(O)CC(O)CO,210.0892
227,O=C(O)C(=O)CC(O)CO,2-keto-3-deoxy-D-xylonic acid,148.0372,O=C(O)C(=O)c1c[nH]c2ccccc12,3-indoleglyoxylic acid,189.0426,O=C(O)C(O)(CC(O)CO)C(=O)c1c[nH]c2ccccc12;O=C(O)C(O)(C(=O)CC(O)CO)c1c[nH]c2ccccc12,293.0899,OCC(O)CCCc1c[nH]c2ccccc12,O=C(CC(O)CO)C(O)c1c[nH]c2ccccc12;O=C(c1c[nH]c2ccccc12)C(O)CC(O)CO,249.1001
228,O=C(O)C(=O)c1ccccc1,Benzoylformic acid,150.0317,O=C(O)C(=O)c1ccccc1,Benzoylformic acid,150.0317,O=C(O)C(O)(C(=O)c1ccccc1)c1ccccc1,256.0736,c1ccc(CCc2ccccc2)cc1,O=C(c1ccccc1)C(O)c1ccccc1,212.0837
229,O=C(O)C(=O)c1ccccc1,Benzoylformic acid,150.0317,O=C(O)C(=O)c1c[nH]c2ccccc12,3-indoleglyoxylic acid,189.0426,O=C(O)C(O)(C(=O)c1c[nH]c2ccccc12)c1ccccc1;O=C(O)C(O)(C(=O)c1ccccc1)c1c[nH]c2ccccc12,295.0845,c1ccc(CCc2c[nH]c3ccccc23)cc1,O=C(c1c[nH]c2ccccc12)C(O)c1ccccc1;O=C(c1ccccc1)C(O)c1c[nH]c2ccccc12,251.0946
230,O=C(O)C(=O)c1c[nH]c2ccccc12,3-indoleglyoxylic acid,189.0426,O=C(O)C(=O)c1c[nH]c2ccccc12,3-indoleglyoxylic acid,189.0426,O=C(O)C(O)(C(=O)c1c[nH]c2ccccc12)c1c[nH]c2ccccc12,334.0954,c1ccc2c(CCc3c[nH]c4ccccc34)c[nH]c2c1,O=C(c1c[nH]c2ccccc12)C(O)c1c[nH]c2ccccc12,290.1055
